{
"autoplayBgm":true,"autoplayBgs":true,"battleback1Name":"","battleback2Name":"","bgm":{"name":"166187__drminky__creepy-dungeon-ambience","pan":0,"pitch":100,"volume":90},"bgs":{"name":"177958__sclolex__water-dripping-in-cave","pan":0,"pitch":100,"volume":90},"disableDashing":false,"displayName":"Prison","encounterList":[],"encounterStep":30,"height":12,"note":"","parallaxLoopX":false,"parallaxLoopY":false,"parallaxName":"","parallaxShow":true,"parallaxSx":0,"parallaxSy":0,"scrollType":0,"specifyBattleback":false,"tilesetId":7,"width":13,
"data":[6872,1625,1626,1627,6888,6876,6876,6876,6876,6856,6848,6848,6848,6872,1625,1626,1627,7235,7234,7234,7234,7234,6864,6848,6848,6848,6872,1625,1626,1627,7241,7240,7240,7240,7240,6888,6876,6876,6876,6872,1568,1569,1570,1609,1610,1610,1610,1610,7235,7234,7234,7238,6872,1584,1585,1586,1610,1610,1610,1610,1610,7241,7240,7240,7244,6872,1610,1610,1610,1609,1610,1610,1610,1610,1610,1610,1610,1609,6872,1610,1609,1610,1610,1610,1610,1610,1610,1610,1610,1610,1609,6872,1610,1610,1610,1610,1610,1610,1610,1610,1610,1610,1610,1610,6872,1610,1610,1610,1610,1610,1609,1610,1610,1610,1610,1609,1610,6878,6881,6881,6881,6881,6881,6881,6881,6881,6881,6881,6881,6881,7235,7234,7234,7234,7234,7234,7234,7234,7234,7234,7234,7234,7238,7241,7240,7240,7240,7240,7240,7240,7240,7240,7240,7240,7240,7244,0,0,0,0,0,0,0,0,0,0,0,0,0,0,0,0,0,0,0,0,0,0,0,0,0,0,0,0,0,0,0,0,0,0,0,0,0,0,0,0,0,0,0,0,0,0,0,0,0,0,0,0,0,0,0,0,0,0,0,0,0,0,0,0,0,0,0,0,0,0,0,0,0,0,0,0,0,0,0,0,0,0,0,0,0,0,0,0,0,0,0,0,0,0,0,0,0,0,0,0,0,0,0,0,0,0,0,0,0,0,0,0,0,0,0,0,0,0,0,0,0,0,0,0,0,0,0,0,0,0,0,0,0,0,0,0,0,0,0,0,0,0,0,0,0,0,0,0,0,0,0,0,0,0,0,0,0,0,0,0,0,0,0,0,0,0,0,0,0,0,0,0,0,0,0,0,0,0,0,0,0,0,0,0,0,0,0,0,0,0,0,0,0,0,0,0,0,0,0,0,0,0,0,0,0,0,0,0,0,0,0,0,0,0,0,0,0,0,0,0,0,0,0,0,0,0,0,0,0,0,0,0,0,0,0,0,0,0,0,0,0,0,0,0,0,0,0,0,0,0,0,0,0,0,0,0,0,0,0,0,0,0,0,0,0,0,0,0,0,0,0,0,0,0,0,0,0,0,0,0,0,0,0,0,0,0,0,0,0,0,0,0,0,0,0,0,0,0,0,0,0,0,0,0,0,0,0,0,0,0,0,0,0,0,0,0,228,0,0,0,236,0,0,0,0,0,0,0,0,236,0,0,0,0,0,0,0,0,0,0,0,0,0,0,0,0,0,0,0,0,228,0,0,0,0,0,0,0,0,0,0,0,0,238,0,0,0,0,0,0,0,0,0,0,0,0,0,0,0,0,0,0,0,0,0,0,0,0,0,0,228,0,0,0,0,0,0,0,236,0,0,0,0,0,0,0,0,0,0,0,0,0,0,0,0,0,0,0,0,0,0,0,0,0,0,0,0,0,0,0,0,230,0,0,0,0,0,0,0,0,0,228,0,0,238,0,0,0,228,0,0,0,0,0,0,228,0,0,0,0,0,0,0,0,236,0,0,0,0,0,0,0,0,0,0,0,0,0,0,0,0,0,0,0,0,0,0,0,0,0,0,0,0,0,0,0,0,0,0,0,0,0,0,0,0,0,0,0,0,0,0,0,0,0,0,0,0,0,0,0,0,0,0,0,0,0,0,0,0,0,0,0,0,0,0,0,0,0,0,0,0,0,0,0,0,0,0,0,0,0,0,0,0,0,0,0,0,0,0,0,0,0,0,0,0,0,0,0,0,0,0,0,0,0,0,0,0,0,0,0,0,0,0,0,0,0,0,0,0,0,0,0,0,0,0,0,0,0,0,0,0,0,0,0,0,0,0,0,0,0,0,0,0,0,0,0,0,0,0,0,0,0,0,0,2,0,0,0,2,2,2,2,2,2,2,2,2,2,0,0,0,0,0,0,0,0,2,2,2,2,2,0,0,0,0,0,0,0,0,2,2,2,2,2,0,0,0,0,0,0,0,0,2,2,2,2,2,0,0,0,0,0,0,0,0,1,1,1,1,2,0,0,0,0,0,0,0,0,0,0,0,0,2,0,0,0,0,0,0,0,0,0,0,0,0,2,0,0,0,0,0,0,0,0,0,0,0,0,2,0,0,0,0,0,0,0,0,0,0,0,0,2,2,2,2,2,2,2,2,2,2,2,2,2,0,0,0,0,0,0,0,0,0,0,0,0,0,0,0,0,0,0,0,0,0,0,0,0,0,0],
"events":[
null,
{"id":1,"name":"EV001","note":"","pages":[{"conditions":{"actorId":1,"actorValid":false,"itemId":1,"itemValid":false,"selfSwitchCh":"A","selfSwitchValid":false,"switch1Id":1,"switch1Valid":false,"switch2Id":1,"switch2Valid":false,"variableId":1,"variableValid":false,"variableValue":0},"directionFix":false,"image":{"characterIndex":0,"characterName":"","direction":2,"pattern":0,"tileId":0},"list":[{"code":355,"indent":0,"parameters":["for (const event of $gameMap._events) {"]},{"code":655,"indent":0,"parameters":["  if (event) {"]},{"code":655,"indent":0,"parameters":["    event._starting=false"]},{"code":655,"indent":0,"parameters":["  }"]},{"code":655,"indent":0,"parameters":["}"]},{"code":250,"indent":0,"parameters":[{"name":"normal_steps","volume":90,"pitch":100,"pan":0}]},{"code":201,"indent":0,"parameters":[0,15,1,9,0,0]},{"code":0,"indent":0,"parameters":[]}],"moveFrequency":3,"moveRoute":{"list":[{"code":0,"parameters":[]}],"repeat":true,"skippable":false,"wait":false},"moveSpeed":3,"moveType":0,"priorityType":0,"stepAnime":false,"through":false,"trigger":1,"walkAnime":true}],"x":12,"y":7},
{"id":2,"name":"EV002","note":"","pages":[{"conditions":{"actorId":1,"actorValid":false,"itemId":1,"itemValid":false,"selfSwitchCh":"A","selfSwitchValid":false,"switch1Id":1,"switch1Valid":false,"switch2Id":1,"switch2Valid":false,"variableId":1,"variableValid":false,"variableValue":0},"directionFix":false,"image":{"characterIndex":0,"characterName":"","direction":2,"pattern":0,"tileId":0},"list":[{"code":355,"indent":0,"parameters":["for (const event of $gameMap._events) {"]},{"code":655,"indent":0,"parameters":["  if (event) {"]},{"code":655,"indent":0,"parameters":["    event._starting=false"]},{"code":655,"indent":0,"parameters":["  }"]},{"code":655,"indent":0,"parameters":["}"]},{"code":250,"indent":0,"parameters":[{"name":"normal_steps","volume":90,"pitch":100,"pan":0}]},{"code":201,"indent":0,"parameters":[0,15,1,9,0,0]},{"code":0,"indent":0,"parameters":[]}],"moveFrequency":3,"moveRoute":{"list":[{"code":0,"parameters":[]}],"repeat":true,"skippable":false,"wait":false},"moveSpeed":3,"moveType":0,"priorityType":0,"stepAnime":false,"through":false,"trigger":1,"walkAnime":true}],"x":12,"y":6},
{"id":3,"name":"EV003","note":"","pages":[{"conditions":{"actorId":1,"actorValid":false,"itemId":1,"itemValid":false,"selfSwitchCh":"A","selfSwitchValid":false,"switch1Id":1,"switch1Valid":false,"switch2Id":1,"switch2Valid":false,"variableId":1,"variableValid":false,"variableValue":0},"directionFix":false,"image":{"characterIndex":0,"characterName":"","direction":2,"pattern":0,"tileId":0},"list":[{"code":355,"indent":0,"parameters":["for (const event of $gameMap._events) {"]},{"code":655,"indent":0,"parameters":["  if (event) {"]},{"code":655,"indent":0,"parameters":["    event._starting=false"]},{"code":655,"indent":0,"parameters":["  }"]},{"code":655,"indent":0,"parameters":["}"]},{"code":250,"indent":0,"parameters":[{"name":"normal_steps","volume":90,"pitch":100,"pan":0}]},{"code":201,"indent":0,"parameters":[0,15,1,9,0,0]},{"code":0,"indent":0,"parameters":[]}],"moveFrequency":3,"moveRoute":{"list":[{"code":0,"parameters":[]}],"repeat":true,"skippable":false,"wait":false},"moveSpeed":3,"moveType":0,"priorityType":0,"stepAnime":false,"through":false,"trigger":1,"walkAnime":true}],"x":12,"y":5},
{"id":4,"name":"EV004","note":"","pages":[{"conditions":{"actorId":1,"actorValid":false,"itemId":1,"itemValid":false,"selfSwitchCh":"A","selfSwitchValid":false,"switch1Id":1,"switch1Valid":false,"switch2Id":1,"switch2Valid":false,"variableId":1,"variableValid":false,"variableValue":0},"directionFix":false,"image":{"characterIndex":0,"characterName":"","direction":2,"pattern":0,"tileId":0},"list":[{"code":355,"indent":0,"parameters":["for (const event of $gameMap._events) {"]},{"code":655,"indent":0,"parameters":["  if (event) {"]},{"code":655,"indent":0,"parameters":["    event._starting=false"]},{"code":655,"indent":0,"parameters":["  }"]},{"code":655,"indent":0,"parameters":["}"]},{"code":250,"indent":0,"parameters":[{"name":"normal_steps","volume":90,"pitch":100,"pan":0}]},{"code":201,"indent":0,"parameters":[0,15,1,9,0,0]},{"code":0,"indent":0,"parameters":[]}],"moveFrequency":3,"moveRoute":{"list":[{"code":0,"parameters":[]}],"repeat":true,"skippable":false,"wait":false},"moveSpeed":3,"moveType":0,"priorityType":0,"stepAnime":false,"through":false,"trigger":1,"walkAnime":true}],"x":12,"y":8},
{"id":5,"name":"EV005","note":"","pages":[{"conditions":{"actorId":1,"actorValid":false,"itemId":1,"itemValid":false,"selfSwitchCh":"A","selfSwitchValid":false,"switch1Id":1,"switch1Valid":false,"switch2Id":1,"switch2Valid":false,"variableId":1,"variableValid":false,"variableValue":0},"directionFix":false,"image":{"characterIndex":0,"characterName":"","direction":2,"pattern":0,"tileId":0},"list":[{"code":250,"indent":0,"parameters":[{"name":"normal_steps","volume":90,"pitch":100,"pan":0}]},{"code":201,"indent":0,"parameters":[0,19,8,11,0,0]},{"code":0,"indent":0,"parameters":[]}],"moveFrequency":3,"moveRoute":{"list":[{"code":0,"parameters":[]}],"repeat":true,"skippable":false,"wait":false},"moveSpeed":3,"moveType":0,"priorityType":0,"stepAnime":false,"through":false,"trigger":1,"walkAnime":true}],"x":3,"y":0},
{"id":6,"name":"EV006","note":"","pages":[{"conditions":{"actorId":1,"actorValid":false,"itemId":1,"itemValid":false,"selfSwitchCh":"A","selfSwitchValid":false,"switch1Id":1,"switch1Valid":false,"switch2Id":1,"switch2Valid":false,"variableId":1,"variableValid":false,"variableValue":0},"directionFix":false,"image":{"characterIndex":0,"characterName":"","direction":2,"pattern":0,"tileId":0},"list":[{"code":250,"indent":0,"parameters":[{"name":"normal_steps","volume":90,"pitch":100,"pan":0}]},{"code":201,"indent":0,"parameters":[0,19,7,11,0,0]},{"code":0,"indent":0,"parameters":[]}],"moveFrequency":3,"moveRoute":{"list":[{"code":0,"parameters":[]}],"repeat":true,"skippable":false,"wait":false},"moveSpeed":3,"moveType":0,"priorityType":0,"stepAnime":false,"through":false,"trigger":1,"walkAnime":true}],"x":2,"y":0},
{"id":7,"name":"EV007","note":"","pages":[{"conditions":{"actorId":1,"actorValid":false,"itemId":1,"itemValid":false,"selfSwitchCh":"A","selfSwitchValid":false,"switch1Id":1,"switch1Valid":false,"switch2Id":1,"switch2Valid":false,"variableId":1,"variableValid":false,"variableValue":0},"directionFix":false,"image":{"characterIndex":0,"characterName":"","direction":2,"pattern":0,"tileId":0},"list":[{"code":250,"indent":0,"parameters":[{"name":"normal_steps","volume":90,"pitch":100,"pan":0}]},{"code":201,"indent":0,"parameters":[0,19,6,11,0,0]},{"code":0,"indent":0,"parameters":[]}],"moveFrequency":3,"moveRoute":{"list":[{"code":0,"parameters":[]}],"repeat":true,"skippable":false,"wait":false},"moveSpeed":3,"moveType":0,"priorityType":0,"stepAnime":false,"through":false,"trigger":1,"walkAnime":true}],"x":1,"y":0},
{"id":8,"name":"Light","note":"","pages":[{"conditions":{"actorId":1,"actorValid":false,"itemId":1,"itemValid":false,"selfSwitchCh":"A","selfSwitchValid":false,"switch1Id":1,"switch1Valid":false,"switch2Id":1,"switch2Valid":false,"variableId":1,"variableValid":false,"variableValue":0},"directionFix":false,"image":{"characterIndex":0,"characterName":"","direction":2,"pattern":0,"tileId":0},"list":[{"code":108,"indent":0,"parameters":["[prisonLight]"]},{"code":0,"indent":0,"parameters":[]}],"moveFrequency":3,"moveRoute":{"list":[{"code":0,"parameters":[]}],"repeat":true,"skippable":false,"wait":false},"moveSpeed":3,"moveType":0,"priorityType":0,"stepAnime":false,"through":false,"trigger":0,"walkAnime":true}],"x":2,"y":1},
{"id":9,"name":"Light","note":"","pages":[{"conditions":{"actorId":1,"actorValid":false,"itemId":1,"itemValid":false,"selfSwitchCh":"A","selfSwitchValid":false,"switch1Id":1,"switch1Valid":false,"switch2Id":1,"switch2Valid":false,"variableId":1,"variableValid":false,"variableValue":0},"directionFix":false,"image":{"tileId":0,"characterName":"!Flame","direction":6,"pattern":1,"characterIndex":0},"list":[{"code":108,"indent":0,"parameters":["[prisonLight]"]},{"code":0,"indent":0,"parameters":[]}],"moveFrequency":3,"moveRoute":{"list":[{"code":0,"parameters":[]}],"repeat":true,"skippable":false,"wait":false},"moveSpeed":3,"moveType":0,"priorityType":1,"stepAnime":true,"through":false,"trigger":0,"walkAnime":false}],"x":6,"y":1},
null,
null,
null,
{"id":13,"name":"Dialogue","note":"","pages":[{"conditions":{"actorId":1,"actorValid":false,"itemId":1,"itemValid":false,"selfSwitchCh":"A","selfSwitchValid":false,"switch1Id":1,"switch1Valid":false,"switch2Id":1,"switch2Valid":false,"variableId":1,"variableValid":false,"variableValue":0},"directionFix":false,"image":{"characterIndex":0,"characterName":"","direction":2,"pattern":0,"tileId":0},"list":[{"code":101,"indent":0,"parameters":["Meowpheus_Expressions",3,0,2]},{"code":401,"indent":0,"parameters":["\\n<Meowpheus>What did I do to Lord Corso?"]},{"code":108,"indent":0,"parameters":["On == Good"]},{"code":111,"indent":0,"parameters":[0,22,0]},{"code":101,"indent":1,"parameters":["Voice_Expressions",0,0,2]},{"code":401,"indent":1,"parameters":["\\n<Willo>Lord Corso is gone."]},{"code":101,"indent":1,"parameters":["Voice_Expressions",0,0,2]},{"code":401,"indent":1,"parameters":["\\n<Willo>When you used his positive trigger word "]},{"code":401,"indent":1,"parameters":["to cut him from the cosmic web, you freed "]},{"code":401,"indent":1,"parameters":["him from his hatred."]},{"code":101,"indent":1,"parameters":["Voice_Expressions",0,0,2]},{"code":401,"indent":1,"parameters":["\\n<Willo>Everything that was good about Corso "]},{"code":401,"indent":1,"parameters":["remains... and that won’t be much... but "]},{"code":401,"indent":1,"parameters":["his body, that’s tied to your dreams now."]},{"code":101,"indent":1,"parameters":["Voice_Expressions",1,0,2]},{"code":401,"indent":1,"parameters":["\\n<Willo>Corso’s body will spend the rest of it’s "]},{"code":401,"indent":1,"parameters":["life turning your dreams into reality."]},{"code":0,"indent":1,"parameters":[]},{"code":412,"indent":0,"parameters":[]},{"code":108,"indent":0,"parameters":["Off == Bad"]},{"code":111,"indent":0,"parameters":[0,22,1]},{"code":101,"indent":1,"parameters":["Voice_Expressions",0,0,2]},{"code":401,"indent":1,"parameters":["\\n<Willo>Lord Corso is gone."]},{"code":101,"indent":1,"parameters":["Voice_Expressions",5,0,2]},{"code":401,"indent":1,"parameters":["\\n<Willo>If there was anything good left in Corso..."]},{"code":401,"indent":1,"parameters":["when you used his negative trigger word, "]},{"code":401,"indent":1,"parameters":["it died."]},{"code":101,"indent":1,"parameters":["Voice_Expressions",1,0,2]},{"code":401,"indent":1,"parameters":["\\n<Willo>Corso’s malice, his hatred for felines..."]},{"code":401,"indent":1,"parameters":["His drive to hurt you and your family. "]},{"code":401,"indent":1,"parameters":["That’s tied to your dreams now."]},{"code":101,"indent":1,"parameters":["Voice_Expressions",4,0,2]},{"code":401,"indent":1,"parameters":["\\n<Willo>Corso’s body will spend the rest of its "]},{"code":401,"indent":1,"parameters":["life trying to destroy your dreams."]},{"code":0,"indent":1,"parameters":[]},{"code":412,"indent":0,"parameters":[]},{"code":101,"indent":0,"parameters":["Meowpheus_Expressions",1,0,2]},{"code":401,"indent":0,"parameters":["\\n<Meowpheus>I... Thank you for telling me."]},{"code":101,"indent":0,"parameters":["Voice_Expressions",1,0,2]},{"code":401,"indent":0,"parameters":["\\n<Willo>I'm sorry, Meowpheus."]},{"code":101,"indent":0,"parameters":["Voice_Expressions",1,0,2]},{"code":401,"indent":0,"parameters":["\\n<Willo>I must tell you something. "]},{"code":401,"indent":0,"parameters":["It’s about Two Bones."]},{"code":101,"indent":0,"parameters":["Meowpheus_Expressions",7,0,2]},{"code":401,"indent":0,"parameters":["\\n<Meowpheus>Please... Not right now."]},{"code":101,"indent":0,"parameters":["Meowpheus_Expressions",7,0,2]},{"code":401,"indent":0,"parameters":["\\n<Meowpheus>I... I need some time to think."]},{"code":101,"indent":0,"parameters":["Voice_Expressions",0,0,2]},{"code":401,"indent":0,"parameters":["\\n<Willo>I..."]},{"code":101,"indent":0,"parameters":["Voice_Expressions",0,0,2]},{"code":401,"indent":0,"parameters":["\\n<Willo>Okay, Meowpheus. I’ll tell you later."]},{"code":123,"indent":0,"parameters":["A",0]},{"code":0,"indent":0,"parameters":[]}],"moveFrequency":3,"moveRoute":{"list":[{"code":0,"parameters":[]}],"repeat":true,"skippable":false,"wait":false},"moveSpeed":3,"moveType":0,"priorityType":1,"stepAnime":false,"through":false,"trigger":3,"walkAnime":false},{"conditions":{"actorId":1,"actorValid":false,"itemId":1,"itemValid":false,"selfSwitchCh":"A","selfSwitchValid":true,"switch1Id":1,"switch1Valid":false,"switch2Id":1,"switch2Valid":false,"variableId":1,"variableValid":false,"variableValue":0},"directionFix":false,"image":{"characterIndex":0,"characterName":"","direction":2,"pattern":0,"tileId":0},"list":[{"code":0,"indent":0,"parameters":[]}],"moveFrequency":3,"moveRoute":{"list":[{"code":0,"parameters":[]}],"repeat":true,"skippable":false,"wait":false},"moveSpeed":3,"moveType":0,"priorityType":0,"stepAnime":false,"through":false,"trigger":0,"walkAnime":true}],"x":12,"y":0},
null,
null
]
}