[
null,
{"id":1,"expanded":true,"name":"Corso Estate (Outside Left)","order":12,"parentId":8,"scrollX":819,"scrollY":461},
{"id":2,"expanded":true,"name":"Corso Estate (Inside Act 1)","order":14,"parentId":8,"scrollX":720.8888888888889,"scrollY":758.2222222222222},
{"id":3,"expanded":true,"name":"Corso Estate Main Part 2 (Act 1)","order":15,"parentId":8,"scrollX":728,"scrollY":409.77777777777777},
{"id":4,"expanded":true,"name":"Corso Estate Main Part 3 (Act 3)","order":16,"parentId":8,"scrollX":728,"scrollY":406.22222222222223},
{"id":5,"expanded":true,"name":"Corso Estate (Meowpheus Inside)","order":13,"parentId":8,"scrollX":819,"scrollY":461},
{"id":6,"expanded":false,"name":"SOS 1: Tutorial","order":27,"parentId":0,"scrollX":893.4545454545455,"scrollY":502.90909090909093},
{"id":7,"expanded":false,"name":"SOS 1: Tutorial 2","order":28,"parentId":6,"scrollX":648.8,"scrollY":447.2},
{"id":8,"expanded":true,"name":"Corso Estate Main Part 1 (Act 1)","order":11,"parentId":0,"scrollX":819,"scrollY":461},
{"id":9,"expanded":false,"name":"Bakery","order":35,"parentId":0,"scrollX":655.2,"scrollY":368.8},
{"id":10,"expanded":true,"name":"SOS","order":1,"parentId":0,"scrollX":728,"scrollY":406.22222222222223},
{"id":11,"expanded":true,"name":"SOS 2: Warden","order":3,"parentId":10,"scrollX":811,"scrollY":1571},
{"id":12,"expanded":false,"name":"SOS 1: Lord Corso","order":2,"parentId":10,"scrollX":811,"scrollY":737},
{"id":13,"expanded":false,"name":"SOS 3: General Two-Bones","order":4,"parentId":10,"scrollX":811,"scrollY":739},
{"id":14,"expanded":false,"name":"Two Bones Part 2 (Family Room)","order":24,"parentId":26,"scrollX":720.8888888888889,"scrollY":409.77777777777777},
{"id":15,"expanded":false,"name":"Prison (inside cellblock)","order":7,"parentId":0,"scrollX":819,"scrollY":461},
{"id":16,"expanded":false,"name":"Words/Event","order":5,"parentId":10,"scrollX":819,"scrollY":461},
{"id":17,"expanded":false,"name":"SoS Tutorial 1 (Kendall)","order":30,"parentId":29,"scrollX":655.2,"scrollY":368.8},
{"id":18,"expanded":true,"name":"Prison (inside before stairs)","order":8,"parentId":15,"scrollX":728,"scrollY":409.77777777777777},
{"id":19,"expanded":true,"name":"Prison (inside upstairs)","order":9,"parentId":15,"scrollX":728,"scrollY":409.77777777777777},
{"id":20,"expanded":false,"name":"Prison (Warden's Office)","order":10,"parentId":15,"scrollX":728,"scrollY":409.77777777777777},
{"id":21,"expanded":false,"name":"SoS Tutorial 2 (Kendall)","order":31,"parentId":17,"scrollX":1404,"scrollY":790.2857142857142},
{"id":22,"expanded":true,"name":"SoS Tutorial 3 (Kendall)","order":32,"parentId":21,"scrollX":1390.2857142857142,"scrollY":989.1428571428571},
{"id":23,"expanded":false,"name":"SoS 2 (Kendall)","order":33,"parentId":29,"scrollX":917.6,"scrollY":791.2},
{"id":24,"expanded":false,"name":"Mayors Estate","order":25,"parentId":0,"scrollX":893.4545454545455,"scrollY":502.90909090909093},
{"id":25,"expanded":true,"name":"Secret Tunnel","order":26,"parentId":24,"scrollX":884.7272727272727,"scrollY":945.8181818181819},
{"id":26,"expanded":false,"name":"Two Bones Estate","order":20,"parentId":0,"scrollX":893.4545454545455,"scrollY":502.90909090909093},
{"id":27,"expanded":true,"name":"Two Bones (Family Room)","order":22,"parentId":26,"scrollX":648.8,"scrollY":447.2},
{"id":28,"expanded":true,"name":"Two Bones (Library)","order":21,"parentId":26,"scrollX":655.2,"scrollY":368.8},
{"id":29,"expanded":false,"name":"SOS (Kendall)","order":29,"parentId":0,"scrollX":893.4545454545455,"scrollY":502.90909090909093},
{"id":30,"expanded":false,"name":"SoS 3 (Kendall)","order":34,"parentId":29,"scrollX":811,"scrollY":791},
{"id":31,"expanded":true,"name":"Corso Estate (Inside Act 3 Joy)","order":17,"parentId":8,"scrollX":720.8888888888889,"scrollY":793.7777777777778},
{"id":32,"expanded":false,"name":"SOS test","order":6,"parentId":10,"scrollX":819,"scrollY":442},
{"id":33,"expanded":false,"name":"Corso Estate (Wooded Path)","order":18,"parentId":8,"scrollX":720.8888888888889,"scrollY":615.1111111111111},
{"id":34,"expanded":true,"name":"Corso Estate (Inside Act 3 cry)","order":19,"parentId":8,"scrollX":720.8888888888889,"scrollY":615.1111111111111},
{"id":35,"expanded":true,"name":"Two Bones After SOS(Family Room)","order":23,"parentId":26,"scrollX":1092,"scrollY":614.6666666666666}
]