[
null,
{"id":1,"list":[{"code":111,"indent":0,"parameters":[11,"pagedown"]},{"code":205,"indent":1,"parameters":[-1,{"list":[{"code":13,"indent":null},{"code":0}],"repeat":false,"skippable":true,"wait":true}]},{"code":505,"indent":1,"parameters":[{"code":13,"indent":null}]},{"code":205,"indent":1,"parameters":[0,{"list":[{"code":10,"indent":null},{"code":0}],"repeat":false,"skippable":true,"wait":true}]},{"code":505,"indent":1,"parameters":[{"code":10,"indent":null}]},{"code":0,"indent":1,"parameters":[]},{"code":411,"indent":0,"parameters":[]},{"code":205,"indent":1,"parameters":[0,{"list":[{"code":11,"indent":null},{"code":0}],"repeat":false,"skippable":true,"wait":true}]},{"code":505,"indent":1,"parameters":[{"code":11,"indent":null}]},{"code":0,"indent":1,"parameters":[]},{"code":412,"indent":0,"parameters":[]},{"code":0,"indent":0,"parameters":[]}],"name":"Push/Pull","switchId":1,"trigger":0},
{"id":2,"list":[{"code":355,"indent":0,"parameters":["var firstCharacter = \"\"; var secondCharacter = \"\"; var thirdCharacter = \"\"; var fourthCharacter = \"\";"]},{"code":655,"indent":0,"parameters":["var allEvents = $gameMap.events();"]},{"code":655,"indent":0,"parameters":["for (var s = 0; s < allEvents.length; s++)"]},{"code":655,"indent":0,"parameters":["{"]},{"code":655,"indent":0,"parameters":["    var eventName = $dataMap.events[allEvents[s].eventId()].name;"]},{"code":655,"indent":0,"parameters":["    if(allEvents[s].x == 12 & allEvents[s].y == 15){firstCharacter += eventName;}"]},{"code":655,"indent":0,"parameters":["    else if(allEvents[s].x == 14 & allEvents[s].y == 15){secondCharacter += eventName;}"]},{"code":655,"indent":0,"parameters":["    else if(allEvents[s].x == 16 & allEvents[s].y == 15){thirdCharacter += eventName;}"]},{"code":655,"indent":0,"parameters":["    else if(allEvents[s].x == 18 & allEvents[s].y == 15){fourthCharacter += eventName;}}"]},{"code":655,"indent":0,"parameters":["$gameVariables.setValue(3, firstCharacter+secondCharacter+thirdCharacter+fourthCharacter);"]},{"code":111,"indent":0,"parameters":[12,"typeof $gameVariables.value(1) == \"object\" && $gameVariables.value(1).includes($gameVariables.value(3))"]},{"code":355,"indent":1,"parameters":["var m = $gameMap.mapId();"]},{"code":655,"indent":1,"parameters":["var allEvents = $gameMap.events();"]},{"code":655,"indent":1,"parameters":["for (var s = 0; s < allEvents.length; s++){"]},{"code":655,"indent":1,"parameters":["    var eventID = allEvents[s].eventId();"]},{"code":655,"indent":1,"parameters":["    if(allEvents[s].x == 12 & allEvents[s].y == 15){$gameSelfSwitches.setValue([m, eventID, 'A'], true);}"]},{"code":655,"indent":1,"parameters":["    else if(allEvents[s].x == 14 & allEvents[s].y == 15){$gameSelfSwitches.setValue([m, eventID, 'A'], true);}"]},{"code":655,"indent":1,"parameters":["    else if(allEvents[s].x == 16 & allEvents[s].y == 15){$gameSelfSwitches.setValue([m, eventID, 'A'], true);}"]},{"code":655,"indent":1,"parameters":["    else if(allEvents[s].x == 18 & allEvents[s].y == 15){$gameSelfSwitches.setValue([m, eventID, 'A'], true);}}"]},{"code":123,"indent":1,"parameters":["A",1]},{"code":123,"indent":1,"parameters":["B",0]},{"code":0,"indent":1,"parameters":[]},{"code":412,"indent":0,"parameters":[]},{"code":111,"indent":0,"parameters":[12,"typeof $gameVariables.value(2) == \"object\" && $gameVariables.value(2).includes($gameVariables.value(3))"]},{"code":355,"indent":1,"parameters":["var allEvents = $gameMap.events();"]},{"code":655,"indent":1,"parameters":["var m = $gameMap.mapId();"]},{"code":655,"indent":1,"parameters":["for (var s = 0; s < allEvents.length; s++){"]},{"code":655,"indent":1,"parameters":["    var eventID = allEvents[s].eventId();"]},{"code":655,"indent":1,"parameters":["    if(allEvents[s].x == 12 & allEvents[s].y == 15){$gameSelfSwitches.setValue([m, eventID, 'B'], true);}"]},{"code":655,"indent":1,"parameters":["    else if(allEvents[s].x == 14 & allEvents[s].y == 15){$gameSelfSwitches.setValue([m, eventID, 'B'], true);}"]},{"code":655,"indent":1,"parameters":["    else if(allEvents[s].x == 16 & allEvents[s].y == 15){$gameSelfSwitches.setValue([m, eventID, 'B'], true);}"]},{"code":655,"indent":1,"parameters":["    else if(allEvents[s].x == 18 & allEvents[s].y == 15){$gameSelfSwitches.setValue([m, eventID, 'B'], true);}}"]},{"code":123,"indent":1,"parameters":["A",1]},{"code":123,"indent":1,"parameters":["C",0]},{"code":0,"indent":1,"parameters":[]},{"code":412,"indent":0,"parameters":[]},{"code":0,"indent":0,"parameters":[]}],"name":"4LetterEvent","switchId":1,"trigger":0},
{"id":3,"list":[{"code":355,"indent":0,"parameters":["var firstCharacter = \"\"; var secondCharacter = \"\"; var thirdCharacter = \"\"; var fourthCharacter = \"\";var fifthCharacter = \"\";"]},{"code":655,"indent":0,"parameters":["var allEvents = $gameMap.events();"]},{"code":655,"indent":0,"parameters":["for (var s = 0; s < allEvents.length; s++)"]},{"code":655,"indent":0,"parameters":["{"]},{"code":655,"indent":0,"parameters":["    var eventName = $dataMap.events[allEvents[s].eventId()].name;"]},{"code":655,"indent":0,"parameters":["    if(allEvents[s].x == 11 & allEvents[s].y == 15){firstCharacter += eventName;}"]},{"code":655,"indent":0,"parameters":["    else if(allEvents[s].x == 13 & allEvents[s].y == 15){secondCharacter += eventName;}"]},{"code":655,"indent":0,"parameters":["    else if(allEvents[s].x == 15 & allEvents[s].y == 15){thirdCharacter += eventName;}"]},{"code":655,"indent":0,"parameters":["    else if(allEvents[s].x == 17 & allEvents[s].y == 15){fourthCharacter += eventName;}"]},{"code":655,"indent":0,"parameters":["    else if(allEvents[s].x == 19 & allEvents[s].y == 15){fifthCharacter += eventName;}}"]},{"code":655,"indent":0,"parameters":["$gameVariables.setValue(3, firstCharacter+secondCharacter+thirdCharacter+fourthCharacter+fifthCharacter);"]},{"code":111,"indent":0,"parameters":[12,"typeof $gameVariables.value(1) == \"object\" && $gameVariables.value(1).includes($gameVariables.value(3))"]},{"code":355,"indent":1,"parameters":["var m = $gameMap.mapId();"]},{"code":655,"indent":1,"parameters":["var allEvents = $gameMap.events();"]},{"code":655,"indent":1,"parameters":["for (var s = 0; s < allEvents.length; s++){"]},{"code":655,"indent":1,"parameters":["    var eventID = allEvents[s].eventId();"]},{"code":655,"indent":1,"parameters":["    if(allEvents[s].x == 11 & allEvents[s].y == 15){$gameSelfSwitches.setValue([m, eventID, 'A'], true);}"]},{"code":655,"indent":1,"parameters":["    else if(allEvents[s].x == 13 & allEvents[s].y == 15){$gameSelfSwitches.setValue([m, eventID, 'A'], true);}"]},{"code":655,"indent":1,"parameters":["    else if(allEvents[s].x == 15 & allEvents[s].y == 15){$gameSelfSwitches.setValue([m, eventID, 'A'], true);}"]},{"code":655,"indent":1,"parameters":["    else if(allEvents[s].x == 17 & allEvents[s].y == 15){$gameSelfSwitches.setValue([m, eventID, 'A'], true);}"]},{"code":655,"indent":1,"parameters":["    else if(allEvents[s].x == 19 & allEvents[s].y == 15){$gameSelfSwitches.setValue([m, eventID, 'A'], true);}}"]},{"code":123,"indent":1,"parameters":["A",1]},{"code":123,"indent":1,"parameters":["B",0]},{"code":0,"indent":1,"parameters":[]},{"code":412,"indent":0,"parameters":[]},{"code":111,"indent":0,"parameters":[12,"typeof $gameVariables.value(2) == \"object\" && $gameVariables.value(2).includes($gameVariables.value(3))"]},{"code":355,"indent":1,"parameters":["var allEvents = $gameMap.events();"]},{"code":655,"indent":1,"parameters":["var m = $gameMap.mapId();"]},{"code":655,"indent":1,"parameters":["for (var s = 0; s < allEvents.length; s++){"]},{"code":655,"indent":1,"parameters":["    var eventID = allEvents[s].eventId();"]},{"code":655,"indent":1,"parameters":["    if(allEvents[s].x == 11 & allEvents[s].y == 15){$gameSelfSwitches.setValue([m, eventID, 'B'], true);}"]},{"code":655,"indent":1,"parameters":["    else if(allEvents[s].x == 13 & allEvents[s].y == 15){$gameSelfSwitches.setValue([m, eventID, 'B'], true);}"]},{"code":655,"indent":1,"parameters":["    else if(allEvents[s].x == 15 & allEvents[s].y == 15){$gameSelfSwitches.setValue([m, eventID, 'B'], true);}"]},{"code":655,"indent":1,"parameters":["    else if(allEvents[s].x == 17 & allEvents[s].y == 15){$gameSelfSwitches.setValue([m, eventID, 'B'], true);}"]},{"code":655,"indent":1,"parameters":["    else if(allEvents[s].x == 19 & allEvents[s].y == 15){$gameSelfSwitches.setValue([m, eventID, 'B'], true);}}"]},{"code":123,"indent":1,"parameters":["A",1]},{"code":123,"indent":1,"parameters":["C",0]},{"code":0,"indent":1,"parameters":[]},{"code":412,"indent":0,"parameters":[]},{"code":0,"indent":0,"parameters":[]}],"name":"5LetterEvent","switchId":1,"trigger":0},
{"id":4,"list":[{"code":355,"indent":0,"parameters":["var firstCharacter = \"\"; var secondCharacter = \"\"; var thirdCharacter = \"\"; var fourthCharacter = \"\";var fifthCharacter = \"\";var sixthCharacter = \"\";"]},{"code":655,"indent":0,"parameters":["var allEvents = $gameMap.events();"]},{"code":655,"indent":0,"parameters":["for (var s = 0; s < allEvents.length; s++)"]},{"code":655,"indent":0,"parameters":["{"]},{"code":655,"indent":0,"parameters":["    var eventName = $dataMap.events[allEvents[s].eventId()].name;"]},{"code":655,"indent":0,"parameters":["    if(allEvents[s].x == 10 & allEvents[s].y == 15){firstCharacter += eventName;}"]},{"code":655,"indent":0,"parameters":["    else if(allEvents[s].x == 12 & allEvents[s].y == 15){secondCharacter += eventName;}"]},{"code":655,"indent":0,"parameters":["    else if(allEvents[s].x == 14 & allEvents[s].y == 15){thirdCharacter += eventName;}"]},{"code":655,"indent":0,"parameters":["    else if(allEvents[s].x == 16 & allEvents[s].y == 15){fourthCharacter += eventName;}"]},{"code":655,"indent":0,"parameters":["    else if(allEvents[s].x == 18 & allEvents[s].y == 15){fifthCharacter += eventName;}"]},{"code":655,"indent":0,"parameters":["    else if(allEvents[s].x == 20 & allEvents[s].y == 15){sixthCharacter += eventName;}}"]},{"code":655,"indent":0,"parameters":["$gameVariables.setValue(3, firstCharacter+secondCharacter+thirdCharacter+fourthCharacter+fifthCharacter+sixthCharacter);"]},{"code":111,"indent":0,"parameters":[12,"typeof $gameVariables.value(1) == \"object\" && $gameVariables.value(1).includes($gameVariables.value(3))"]},{"code":355,"indent":1,"parameters":["var m = $gameMap.mapId();"]},{"code":655,"indent":1,"parameters":["var allEvents = $gameMap.events();"]},{"code":655,"indent":1,"parameters":["for (var s = 0; s < allEvents.length; s++){"]},{"code":655,"indent":1,"parameters":["    var eventID = allEvents[s].eventId();"]},{"code":655,"indent":1,"parameters":["    if(allEvents[s].x == 10 & allEvents[s].y == 15){$gameSelfSwitches.setValue([m, eventID, 'A'], true);}"]},{"code":655,"indent":1,"parameters":["    else if(allEvents[s].x == 12 & allEvents[s].y == 15){$gameSelfSwitches.setValue([m, eventID, 'A'], true);}"]},{"code":655,"indent":1,"parameters":["    else if(allEvents[s].x == 14 & allEvents[s].y == 15){$gameSelfSwitches.setValue([m, eventID, 'A'], true);}"]},{"code":655,"indent":1,"parameters":["    else if(allEvents[s].x == 16 & allEvents[s].y == 15){$gameSelfSwitches.setValue([m, eventID, 'A'], true);}"]},{"code":655,"indent":1,"parameters":["    else if(allEvents[s].x == 18 & allEvents[s].y == 15){$gameSelfSwitches.setValue([m, eventID, 'A'], true);}"]},{"code":655,"indent":1,"parameters":["    else if(allEvents[s].x == 20 & allEvents[s].y == 15){$gameSelfSwitches.setValue([m, eventID, 'A'], true);}}"]},{"code":123,"indent":1,"parameters":["A",1]},{"code":123,"indent":1,"parameters":["B",0]},{"code":0,"indent":1,"parameters":[]},{"code":412,"indent":0,"parameters":[]},{"code":111,"indent":0,"parameters":[12,"typeof $gameVariables.value(2) == \"object\" && $gameVariables.value(2).includes($gameVariables.value(3))"]},{"code":355,"indent":1,"parameters":["var allEvents = $gameMap.events();"]},{"code":655,"indent":1,"parameters":["var m = $gameMap.mapId();"]},{"code":655,"indent":1,"parameters":["for (var s = 0; s < allEvents.length; s++){"]},{"code":655,"indent":1,"parameters":["    var eventID = allEvents[s].eventId();"]},{"code":655,"indent":1,"parameters":["    if(allEvents[s].x == 10 & allEvents[s].y == 15){$gameSelfSwitches.setValue([m, eventID, 'B'], true);}"]},{"code":655,"indent":1,"parameters":["    else if(allEvents[s].x == 12 & allEvents[s].y == 15){$gameSelfSwitches.setValue([m, eventID, 'B'], true);}"]},{"code":655,"indent":1,"parameters":["    else if(allEvents[s].x == 14 & allEvents[s].y == 15){$gameSelfSwitches.setValue([m, eventID, 'B'], true);}"]},{"code":655,"indent":1,"parameters":["    else if(allEvents[s].x == 16 & allEvents[s].y == 15){$gameSelfSwitches.setValue([m, eventID, 'B'], true);}"]},{"code":655,"indent":1,"parameters":["    else if(allEvents[s].x == 18 & allEvents[s].y == 15){$gameSelfSwitches.setValue([m, eventID, 'B'], true);}"]},{"code":655,"indent":1,"parameters":["    else if(allEvents[s].x == 20 & allEvents[s].y == 15){$gameSelfSwitches.setValue([m, eventID, 'B'], true);}}"]},{"code":123,"indent":1,"parameters":["A",1]},{"code":123,"indent":1,"parameters":["C",0]},{"code":0,"indent":1,"parameters":[]},{"code":412,"indent":0,"parameters":[]},{"code":0,"indent":0,"parameters":[]}],"name":"6LetterEvent","switchId":1,"trigger":0},
{"id":5,"list":[{"code":355,"indent":0,"parameters":["var firstCharacter = \"\"; var secondCharacter = \"\"; var thirdCharacter = \"\"; var fourthCharacter = \"\";var fifthCharacter = \"\";var sixthCharacter = \"\";var seventhCharacter = \"\";"]},{"code":655,"indent":0,"parameters":["var allEvents = $gameMap.events();"]},{"code":655,"indent":0,"parameters":["for (var s = 0; s < allEvents.length; s++)"]},{"code":655,"indent":0,"parameters":["{"]},{"code":655,"indent":0,"parameters":["    var eventName = $dataMap.events[allEvents[s].eventId()].name;"]},{"code":655,"indent":0,"parameters":["    if(allEvents[s].x == 9 & allEvents[s].y == 15){firstCharacter += eventName;}"]},{"code":655,"indent":0,"parameters":["    else if(allEvents[s].x == 11 & allEvents[s].y == 15){secondCharacter += eventName;}"]},{"code":655,"indent":0,"parameters":["    else if(allEvents[s].x == 13 & allEvents[s].y == 15){thirdCharacter += eventName;}"]},{"code":655,"indent":0,"parameters":["    else if(allEvents[s].x == 15 & allEvents[s].y == 15){fourthCharacter += eventName;}"]},{"code":655,"indent":0,"parameters":["    else if(allEvents[s].x == 17 & allEvents[s].y == 15){fifthCharacter += eventName;}"]},{"code":655,"indent":0,"parameters":["    else if(allEvents[s].x == 19 & allEvents[s].y == 15){sixthCharacter += eventName;}else if(allEvents[s].x == 21 & allEvents[s].y == 15){seventhCharacter += eventName;}}"]},{"code":655,"indent":0,"parameters":["$gameVariables.setValue(3, firstCharacter+secondCharacter+thirdCharacter+fourthCharacter+fifthCharacter+sixthCharacter+seventhCharacter);"]},{"code":111,"indent":0,"parameters":[12,"typeof $gameVariables.value(1) == \"object\" && $gameVariables.value(1).includes($gameVariables.value(3))"]},{"code":355,"indent":1,"parameters":["var m = $gameMap.mapId();"]},{"code":655,"indent":1,"parameters":["var allEvents = $gameMap.events();"]},{"code":655,"indent":1,"parameters":["for (var s = 0; s < allEvents.length; s++){"]},{"code":655,"indent":1,"parameters":["    var eventID = allEvents[s].eventId();"]},{"code":655,"indent":1,"parameters":["    if(allEvents[s].x == 9 & allEvents[s].y == 15){$gameSelfSwitches.setValue([m, eventID, 'A'], true);}"]},{"code":655,"indent":1,"parameters":["    else if(allEvents[s].x == 11 & allEvents[s].y == 15){$gameSelfSwitches.setValue([m, eventID, 'A'], true);}"]},{"code":655,"indent":1,"parameters":["    else if(allEvents[s].x == 13 & allEvents[s].y == 15){$gameSelfSwitches.setValue([m, eventID, 'A'], true);}"]},{"code":655,"indent":1,"parameters":["    else if(allEvents[s].x == 15 & allEvents[s].y == 15){$gameSelfSwitches.setValue([m, eventID, 'A'], true);}"]},{"code":655,"indent":1,"parameters":["    else if(allEvents[s].x == 17 & allEvents[s].y == 15){$gameSelfSwitches.setValue([m, eventID, 'A'], true);}"]},{"code":655,"indent":1,"parameters":["    else if(allEvents[s].x == 19 & allEvents[s].y == 15){$gameSelfSwitches.setValue([m, eventID, 'A'], true);}"]},{"code":655,"indent":1,"parameters":["    else if(allEvents[s].x == 21 & allEvents[s].y == 15){$gameSelfSwitches.setValue([m, eventID, 'A'], true);}}"]},{"code":123,"indent":1,"parameters":["A",1]},{"code":123,"indent":1,"parameters":["B",0]},{"code":0,"indent":1,"parameters":[]},{"code":412,"indent":0,"parameters":[]},{"code":111,"indent":0,"parameters":[12,"typeof $gameVariables.value(2) == \"object\" && $gameVariables.value(2).includes($gameVariables.value(3))"]},{"code":355,"indent":1,"parameters":["var allEvents = $gameMap.events();"]},{"code":655,"indent":1,"parameters":["var m = $gameMap.mapId();"]},{"code":655,"indent":1,"parameters":["for (var s = 0; s < allEvents.length; s++){"]},{"code":655,"indent":1,"parameters":["    var eventID = allEvents[s].eventId();"]},{"code":655,"indent":1,"parameters":["    if(allEvents[s].x == 9 & allEvents[s].y == 15){$gameSelfSwitches.setValue([m, eventID, 'B'], true);}"]},{"code":655,"indent":1,"parameters":["    else if(allEvents[s].x == 11 & allEvents[s].y == 15){$gameSelfSwitches.setValue([m, eventID, 'B'], true);}"]},{"code":655,"indent":1,"parameters":["    else if(allEvents[s].x == 13 & allEvents[s].y == 15){$gameSelfSwitches.setValue([m, eventID, 'B'], true);}"]},{"code":655,"indent":1,"parameters":["    else if(allEvents[s].x == 15 & allEvents[s].y == 15){$gameSelfSwitches.setValue([m, eventID, 'B'], true);}"]},{"code":655,"indent":1,"parameters":["    else if(allEvents[s].x == 17 & allEvents[s].y == 15){$gameSelfSwitches.setValue([m, eventID, 'B'], true);}"]},{"code":655,"indent":1,"parameters":["    else if(allEvents[s].x == 19 & allEvents[s].y == 15){$gameSelfSwitches.setValue([m, eventID, 'B'], true);}"]},{"code":655,"indent":1,"parameters":["    else if(allEvents[s].x == 21 & allEvents[s].y == 15){$gameSelfSwitches.setValue([m, eventID, 'B'], true);}}"]},{"code":123,"indent":1,"parameters":["A",1]},{"code":123,"indent":1,"parameters":["C",0]},{"code":0,"indent":1,"parameters":[]},{"code":412,"indent":0,"parameters":[]},{"code":0,"indent":0,"parameters":[]}],"name":"7LetterEvent","switchId":1,"trigger":0},
{"id":6,"list":[{"code":0,"indent":0,"parameters":[]}],"name":"","switchId":1,"trigger":0},
{"id":7,"list":[{"code":0,"indent":0,"parameters":[]}],"name":"","switchId":1,"trigger":0},
{"id":8,"list":[{"code":0,"indent":0,"parameters":[]}],"name":"","switchId":1,"trigger":0},
{"id":9,"list":[{"code":0,"indent":0,"parameters":[]}],"name":"","switchId":1,"trigger":0},
{"id":10,"list":[{"code":0,"indent":0,"parameters":[]}],"name":"","switchId":1,"trigger":0},
{"id":11,"list":[{"code":0,"indent":0,"parameters":[]}],"name":"","switchId":1,"trigger":0},
{"id":12,"list":[{"code":0,"indent":0,"parameters":[]}],"name":"","switchId":1,"trigger":0},
{"id":13,"list":[{"code":0,"indent":0,"parameters":[]}],"name":"","switchId":1,"trigger":0},
{"id":14,"list":[{"code":0,"indent":0,"parameters":[]}],"name":"","switchId":1,"trigger":0},
{"id":15,"list":[{"code":0,"indent":0,"parameters":[]}],"name":"","switchId":1,"trigger":0},
{"id":16,"list":[{"code":0,"indent":0,"parameters":[]}],"name":"","switchId":1,"trigger":0},
{"id":17,"list":[{"code":0,"indent":0,"parameters":[]}],"name":"","switchId":1,"trigger":0},
{"id":18,"list":[{"code":0,"indent":0,"parameters":[]}],"name":"","switchId":1,"trigger":0},
{"id":19,"list":[{"code":0,"indent":0,"parameters":[]}],"name":"","switchId":1,"trigger":0},
{"id":20,"list":[{"code":0,"indent":0,"parameters":[]}],"name":"","switchId":1,"trigger":0},
{"id":21,"list":[{"code":0,"indent":0,"parameters":[]}],"name":"","switchId":1,"trigger":0},
{"id":22,"list":[{"code":0,"indent":0,"parameters":[]}],"name":"","switchId":1,"trigger":0},
{"id":23,"list":[{"code":0,"indent":0,"parameters":[]}],"name":"","switchId":1,"trigger":0},
{"id":24,"list":[{"code":0,"indent":0,"parameters":[]}],"name":"","switchId":1,"trigger":0},
{"id":25,"list":[{"code":0,"indent":0,"parameters":[]}],"name":"","switchId":1,"trigger":0},
{"id":26,"list":[{"code":0,"indent":0,"parameters":[]}],"name":"","switchId":1,"trigger":0},
{"id":27,"list":[{"code":0,"indent":0,"parameters":[]}],"name":"","switchId":1,"trigger":0},
{"id":28,"list":[{"code":0,"indent":0,"parameters":[]}],"name":"","switchId":1,"trigger":0},
{"id":29,"list":[{"code":0,"indent":0,"parameters":[]}],"name":"","switchId":1,"trigger":0},
{"id":30,"list":[{"code":0,"indent":0,"parameters":[]}],"name":"","switchId":1,"trigger":0},
{"id":31,"list":[{"code":0,"indent":0,"parameters":[]}],"name":"","switchId":1,"trigger":0},
{"id":32,"list":[{"code":0,"indent":0,"parameters":[]}],"name":"","switchId":1,"trigger":0},
{"id":33,"list":[{"code":0,"indent":0,"parameters":[]}],"name":"","switchId":1,"trigger":0},
{"id":34,"list":[{"code":0,"indent":0,"parameters":[]}],"name":"","switchId":1,"trigger":0},
{"id":35,"list":[{"code":0,"indent":0,"parameters":[]}],"name":"","switchId":1,"trigger":0},
{"id":36,"list":[{"code":0,"indent":0,"parameters":[]}],"name":"","switchId":1,"trigger":0},
{"id":37,"list":[{"code":0,"indent":0,"parameters":[]}],"name":"","switchId":1,"trigger":0},
{"id":38,"list":[{"code":0,"indent":0,"parameters":[]}],"name":"","switchId":1,"trigger":0},
{"id":39,"list":[{"code":0,"indent":0,"parameters":[]}],"name":"","switchId":1,"trigger":0},
{"id":40,"list":[{"code":0,"indent":0,"parameters":[]}],"name":"","switchId":1,"trigger":0}
]