[
null,
{"id":1,"expanded":true,"name":"Tech Demo (S.O.S.)","order":1,"parentId":0,"scrollX":1001.4545454545455,"scrollY":795.2727272727273},
{"id":2,"expanded":false,"name":"Tech Demo (Prison)","order":2,"parentId":1,"scrollX":1001.4545454545455,"scrollY":795.2727272727273},
{"id":3,"expanded":true,"name":"Tech Demo (Example)","order":6,"parentId":0,"scrollX":1001.4545454545455,"scrollY":795.2727272727273},
{"id":4,"expanded":true,"name":"Tech Demo (Scramble 1)","order":3,"parentId":1,"scrollX":1001.4545454545455,"scrollY":795.2727272727273},
{"id":5,"expanded":true,"name":"Tech Demo (Scramble 2)","order":4,"parentId":1,"scrollX":1001.4545454545455,"scrollY":795.2727272727273},
null,
{"id":7,"expanded":true,"name":"Tech Demo (Scramble 3)","order":5,"parentId":1,"scrollX":1001.4545454545455,"scrollY":795.2727272727273}
]