{
"autoplayBgm":true,"autoplayBgs":false,"battleback1Name":"","battleback2Name":"","bgm":{"name":"a_quaint_life","pan":0,"pitch":100,"volume":50},"bgs":{"name":"","pan":0,"pitch":100,"volume":90},"disableDashing":false,"displayName":"Meowpheus' Home","encounterList":[],"encounterStep":30,"height":8,"note":"","parallaxLoopX":false,"parallaxLoopY":false,"parallaxName":"","parallaxShow":true,"parallaxSx":0,"parallaxSy":0,"scrollType":0,"specifyBattleback":false,"tilesetId":7,"width":10,
"data":[6180,6204,6204,6204,6204,6204,6204,6204,6204,6184,6200,6562,6562,6562,6562,6562,6562,6562,6562,6192,6200,6568,6568,6568,6568,6568,6568,6568,6568,6192,6200,1610,1610,1610,1610,1610,1610,1610,1610,6192,6200,1610,1609,1610,1609,1610,1610,1610,1580,6192,6200,1610,1610,1610,1610,1610,1610,1609,1610,6192,6200,1610,1610,1610,1609,1610,1610,1610,1610,6192,6178,6212,1609,6210,6196,6196,6196,6196,6196,6177,0,0,0,0,0,0,0,0,0,0,0,0,0,0,0,0,0,0,0,0,0,0,0,0,0,0,0,0,0,0,0,0,3186,3188,0,0,0,0,0,0,0,0,3192,3190,0,0,0,0,0,0,0,0,0,0,0,0,0,0,0,0,0,0,0,0,0,0,0,0,0,0,0,0,0,0,0,0,0,0,0,0,0,0,0,0,0,0,0,0,0,0,0,0,0,0,0,0,0,0,0,0,0,0,0,0,0,0,0,0,0,0,0,0,0,0,0,0,0,0,84,0,0,381,0,0,0,0,0,0,0,0,0,0,0,0,0,0,0,0,0,0,0,0,0,0,0,0,0,0,236,0,0,0,0,0,0,0,0,0,0,0,0,228,0,0,0,228,0,236,0,0,0,118,0,176,0,238,0,66,65,0,0,126,0,184,80,0,0,0,0,230,0,0,290,0,88,0,84,84,94,238,0,382,298,0,0,0,92,92,0,0,0,0,0,0,0,0,0,0,59,0,236,0,0,0,0,0,0,0,216,0,0,236,0,0,0,0,0,0,228,0,0,0,0,0,0,0,0,0,0,0,0,0,0,0,0,0,0,0,0,0,0,0,0,0,0,0,0,0,0,0,0,5,0,0,0,0,0,0,0,0,0,5,0,0,0,0,0,0,0,0,0,5,0,0,0,0,0,0,0,0,0,5,0,0,0,0,0,0,0,0,0,0,0,0,0,0,0,0,0,0,0,0,0,0,0,0,0,0,0,0,0,0,0,0,0,0,0,0,0,0,0,0,0,0,0,0,0,0,0,0,0,0,0,0,0,0,0,0,0,0,0,0,0,0,0,0,0,0,2,0,0,0,0,0,0,0,0,0,1,0,0,0,0,0,0,0,0,0,0,0,0,0,0,0,0,0,0,0,0,0],
"events":[
null,
{"id":1,"name":"opening scene","note":"add cut scenes","pages":[{"conditions":{"actorId":1,"actorValid":false,"itemId":1,"itemValid":false,"selfSwitchCh":"A","selfSwitchValid":false,"switch1Id":1,"switch1Valid":false,"switch2Id":1,"switch2Valid":false,"variableId":1,"variableValid":false,"variableValue":0},"directionFix":false,"image":{"characterIndex":0,"characterName":"","direction":2,"pattern":0,"tileId":0},"list":[{"code":122,"indent":0,"parameters":[18,18,0,0,0]},{"code":355,"indent":0,"parameters":["$gameLighting.setMapAmbient(\"#4d4d4d\");"]},{"code":355,"indent":0,"parameters":["$gameNotepad.hide(\"Quest1\");"]},{"code":655,"indent":0,"parameters":["$gameNotepad.hide(\"Quest2\");"]},{"code":655,"indent":0,"parameters":["$gameNotepad.hide(\"Quest3\");"]},{"code":655,"indent":0,"parameters":["$gameNotepad.hide(\"Quest4\");"]},{"code":655,"indent":0,"parameters":["$gameNotepad.clear(\"LordCorso\");"]},{"code":655,"indent":0,"parameters":["$gameNotepad.clear(\"Willo\");"]},{"code":655,"indent":0,"parameters":["$gameNotepad.clear(\"WardenB\");"]},{"code":655,"indent":0,"parameters":["$gameNotepad.clear(\"Hetzen\");"]},{"code":655,"indent":0,"parameters":["$gameNotepad.clear(\"LittleCat\");"]},{"code":655,"indent":0,"parameters":["$gameNotepad.clear(\"Meowpheus\");"]},{"code":655,"indent":0,"parameters":["$gameNotepad.clear(\"Warden'sJournal\");"]},{"code":655,"indent":0,"parameters":["$gameNotepad.clear(\"Warden'sPoetry\");$gameNotepad.clear(\"TwoBones\");"]},{"code":356,"indent":0,"parameters":["MSGSE TALK DEFAULT"]},{"code":231,"indent":0,"parameters":[1,"Meowpheus",0,0,0,0,130,130,255,0]},{"code":250,"indent":0,"parameters":[{"name":"snore new","volume":40,"pitch":100,"pan":0}]},{"code":101,"indent":0,"parameters":["",0,0,2]},{"code":401,"indent":0,"parameters":["\\n<Meowpheus>Zzz..."]},{"code":221,"indent":0,"parameters":[]},{"code":235,"indent":0,"parameters":[1]},{"code":222,"indent":0,"parameters":[]},{"code":213,"indent":0,"parameters":[-1,1,false]},{"code":101,"indent":0,"parameters":["Meowpheus_Expressions",3,0,2]},{"code":401,"indent":0,"parameters":["\\n<Meowpheus>I slept in! Not again!"]},{"code":205,"indent":0,"parameters":[-1,{"list":[{"code":20,"indent":null},{"code":15,"parameters":[30],"indent":0},{"code":22,"indent":null},{"code":15,"parameters":[30],"indent":0},{"code":22,"indent":null},{"code":15,"parameters":[30],"indent":0},{"code":21,"indent":null},{"code":0}],"repeat":false,"skippable":true,"wait":true}]},{"code":505,"indent":0,"parameters":[{"code":20,"indent":null}]},{"code":505,"indent":0,"parameters":[{"code":15,"parameters":[30],"indent":0}]},{"code":505,"indent":0,"parameters":[{"code":22,"indent":null}]},{"code":505,"indent":0,"parameters":[{"code":15,"parameters":[30],"indent":0}]},{"code":505,"indent":0,"parameters":[{"code":22,"indent":null}]},{"code":505,"indent":0,"parameters":[{"code":15,"parameters":[30],"indent":0}]},{"code":505,"indent":0,"parameters":[{"code":21,"indent":null}]},{"code":101,"indent":0,"parameters":["Meowpheus_Expressions",3,0,2]},{"code":401,"indent":0,"parameters":["\\n<Meowpheus>I'm going to be in so much trouble"]},{"code":401,"indent":0,"parameters":["if I don't get to the house right now!"]},{"code":101,"indent":0,"parameters":["",0,1,1]},{"code":401,"indent":0,"parameters":["<CENTER>"]},{"code":401,"indent":0,"parameters":["Use \\C[31]W, A, S, D\\C or \\C[31]Arrow Keys\\C to move."]},{"code":101,"indent":0,"parameters":["",0,1,1]},{"code":401,"indent":0,"parameters":["<CENTER>"]},{"code":401,"indent":0,"parameters":["Hold the \\C[31]SHIFT\\C button to run."]},{"code":101,"indent":0,"parameters":["",0,1,1]},{"code":401,"indent":0,"parameters":["<CENTER>"]},{"code":401,"indent":0,"parameters":["Use \\C[31]J\\C to open up the journal."]},{"code":101,"indent":0,"parameters":["",0,1,1]},{"code":401,"indent":0,"parameters":["<CENTER>"]},{"code":401,"indent":0,"parameters":["Use \\C[31]SPACE\\C to interact with items and "]},{"code":401,"indent":0,"parameters":["speak to others."]},{"code":214,"indent":0,"parameters":[]},{"code":0,"indent":0,"parameters":[]}],"moveFrequency":3,"moveRoute":{"list":[{"code":0,"parameters":[]}],"repeat":true,"skippable":false,"wait":false},"moveSpeed":4,"moveType":0,"priorityType":1,"stepAnime":false,"through":false,"trigger":3,"walkAnime":false}],"x":9,"y":0},
{"id":2,"name":"EV002","note":"","pages":[{"conditions":{"actorId":1,"actorValid":false,"itemId":1,"itemValid":false,"selfSwitchCh":"A","selfSwitchValid":false,"switch1Id":1,"switch1Valid":false,"switch2Id":1,"switch2Valid":false,"variableId":1,"variableValid":false,"variableValue":0},"directionFix":false,"image":{"characterIndex":0,"characterName":"","direction":2,"pattern":0,"tileId":0},"list":[{"code":101,"indent":0,"parameters":["",0,1,1]},{"code":401,"indent":0,"parameters":["<CENTER> \\C[24]New Quest\\C"]},{"code":401,"indent":0,"parameters":["Enter the Corso estate via the Slave Entrance and "]},{"code":401,"indent":0,"parameters":["speak with Lord Corso. "]},{"code":250,"indent":0,"parameters":[{"name":"door open new","volume":90,"pitch":100,"pan":0}]},{"code":201,"indent":0,"parameters":[0,1,3,4,0,0]},{"code":355,"indent":0,"parameters":["$gameLighting.setMapAmbient(\"#ffffff\")"]},{"code":355,"indent":0,"parameters":["$gameNotepad.show(\"Quest1\");"]},{"code":0,"indent":0,"parameters":[]}],"moveFrequency":3,"moveRoute":{"list":[{"code":0,"parameters":[]}],"repeat":true,"skippable":false,"wait":false},"moveSpeed":4,"moveType":0,"priorityType":1,"stepAnime":false,"through":true,"trigger":1,"walkAnime":false}],"x":2,"y":7},
{"id":3,"name":"Meowpheus' Dad","note":"","pages":[{"conditions":{"actorId":1,"actorValid":false,"itemId":1,"itemValid":false,"selfSwitchCh":"A","selfSwitchValid":false,"switch1Id":1,"switch1Valid":false,"switch2Id":1,"switch2Valid":false,"variableId":1,"variableValid":false,"variableValue":0},"directionFix":true,"image":{"tileId":0,"characterName":"Meowpheus_Turnarounds","direction":2,"pattern":1,"characterIndex":1},"list":[{"code":101,"indent":0,"parameters":["CorsoHenzenExpresssion",6,0,2]},{"code":401,"indent":0,"parameters":["\\n<Father>Mmm... it's too early..."]},{"code":0,"indent":0,"parameters":[]}],"moveFrequency":3,"moveRoute":{"list":[{"code":0,"parameters":[]}],"repeat":true,"skippable":false,"wait":false},"moveSpeed":4,"moveType":0,"priorityType":1,"stepAnime":false,"through":false,"trigger":0,"walkAnime":false}],"x":8,"y":3},
{"id":4,"name":"Rawrnold","note":"","pages":[{"conditions":{"actorId":1,"actorValid":false,"itemId":1,"itemValid":false,"selfSwitchCh":"A","selfSwitchValid":false,"switch1Id":1,"switch1Valid":false,"switch2Id":1,"switch2Valid":false,"variableId":1,"variableValid":false,"variableValue":0},"directionFix":true,"image":{"tileId":0,"characterName":"Cat_NPCS_Turnarounds","direction":2,"pattern":1,"characterIndex":4},"list":[{"code":101,"indent":0,"parameters":["Cat_NPCS_Expressions",3,0,2]},{"code":401,"indent":0,"parameters":["\\n<Rawrnald>I'm hungwy! No sweep. Pwease?!"]},{"code":101,"indent":0,"parameters":["CorsoHenzenExpresssion",6,0,2]},{"code":401,"indent":0,"parameters":["\\n<Father>Mmmm, I know it's morning."]},{"code":101,"indent":0,"parameters":["CorsoHenzenExpresssion",7,0,2]},{"code":401,"indent":0,"parameters":["\\n<Father>I'll feed your brother in five minutes."]},{"code":123,"indent":0,"parameters":["A",0]},{"code":0,"indent":0,"parameters":[]}],"moveFrequency":3,"moveRoute":{"list":[{"code":0,"parameters":[]}],"repeat":true,"skippable":false,"wait":false},"moveSpeed":3,"moveType":0,"priorityType":1,"stepAnime":false,"through":false,"trigger":0,"walkAnime":false},{"conditions":{"actorId":1,"actorValid":false,"itemId":1,"itemValid":false,"selfSwitchCh":"A","selfSwitchValid":true,"switch1Id":1,"switch1Valid":false,"switch2Id":1,"switch2Valid":false,"variableId":1,"variableValid":false,"variableValue":0},"directionFix":true,"image":{"tileId":0,"characterName":"Cat_NPCS_Turnarounds","direction":2,"pattern":1,"characterIndex":4},"list":[{"code":101,"indent":0,"parameters":["Cat_NPCS_Expressions",3,0,2]},{"code":401,"indent":0,"parameters":["\\n<Rawrnald>I'm so hungwy!"]},{"code":213,"indent":0,"parameters":[4,6,false]},{"code":0,"indent":0,"parameters":[]}],"moveFrequency":3,"moveRoute":{"list":[{"code":0,"parameters":[]}],"repeat":true,"skippable":false,"wait":false},"moveSpeed":3,"moveType":0,"priorityType":1,"stepAnime":false,"through":false,"trigger":0,"walkAnime":false}],"x":1,"y":4},
{"id":5,"name":"Light","note":"","pages":[{"conditions":{"actorId":1,"actorValid":false,"itemId":1,"itemValid":false,"selfSwitchCh":"A","selfSwitchValid":false,"switch1Id":1,"switch1Valid":false,"switch2Id":1,"switch2Valid":false,"variableId":1,"variableValid":false,"variableValue":0},"directionFix":false,"image":{"tileId":0,"characterName":"!Flame","direction":6,"pattern":1,"characterIndex":0},"list":[{"code":108,"indent":0,"parameters":["[torch]"]},{"code":0,"indent":0,"parameters":[]}],"moveFrequency":3,"moveRoute":{"list":[{"code":17,"indent":null},{"code":18,"indent":null},{"code":18,"indent":null},{"code":17,"indent":null},{"code":0,"parameters":[]}],"repeat":true,"skippable":false,"wait":false},"moveSpeed":4,"moveType":0,"priorityType":1,"stepAnime":true,"through":false,"trigger":4,"walkAnime":false}],"x":5,"y":1},
{"id":6,"name":" ","note":"<NESフラッシュ対象:ON>","pages":[{"conditions":{"actorId":1,"actorValid":false,"itemId":1,"itemValid":false,"selfSwitchCh":"A","selfSwitchValid":false,"switch1Id":1,"switch1Valid":false,"switch2Id":1,"switch2Valid":false,"variableId":1,"variableValid":false,"variableValue":0},"directionFix":false,"image":{"tileId":308,"characterName":"","characterIndex":0,"direction":2,"pattern":0},"list":[{"code":355,"indent":0,"parameters":["for (const event of $gameMap._events) {"]},{"code":655,"indent":0,"parameters":["  if (event) {"]},{"code":655,"indent":0,"parameters":["    event._starting=false"]},{"code":655,"indent":0,"parameters":["  }"]},{"code":655,"indent":0,"parameters":["}"]},{"code":101,"indent":0,"parameters":["",0,0,2]},{"code":401,"indent":0,"parameters":["A plate that Rawrnold broke. It was an accident."]},{"code":0,"indent":0,"parameters":[]}],"moveFrequency":3,"moveRoute":{"list":[{"code":0,"parameters":[]}],"repeat":true,"skippable":false,"wait":false},"moveSpeed":3,"moveType":0,"priorityType":1,"stepAnime":false,"through":false,"trigger":0,"walkAnime":true}],"x":3,"y":4},
{"id":7,"name":"EV007","note":"","pages":[{"conditions":{"actorId":1,"actorValid":false,"itemId":1,"itemValid":false,"selfSwitchCh":"A","selfSwitchValid":false,"switch1Id":1,"switch1Valid":false,"switch2Id":1,"switch2Valid":false,"variableId":1,"variableValid":false,"variableValue":0},"directionFix":false,"image":{"tileId":51,"characterName":"","characterIndex":0,"direction":2,"pattern":0},"list":[{"code":0,"indent":0,"parameters":[]}],"moveFrequency":3,"moveRoute":{"list":[{"code":0,"parameters":[]}],"repeat":true,"skippable":false,"wait":false},"moveSpeed":3,"moveType":0,"priorityType":2,"stepAnime":false,"through":false,"trigger":0,"walkAnime":true}],"x":8,"y":4}
]
}