{
"autoplayBgm":true,"autoplayBgs":false,"battleback1Name":"","battleback2Name":"","bgm":{"name":"canine_waltz","pan":0,"pitch":100,"volume":40},"bgs":{"name":"","pan":0,"pitch":100,"volume":90},"disableDashing":false,"displayName":"Two-Bones Estate (Library)","encounterList":[],"encounterStep":30,"height":7,"note":"","parallaxLoopX":false,"parallaxLoopY":false,"parallaxName":"","parallaxShow":true,"parallaxSx":0,"parallaxSy":0,"scrollType":0,"specifyBattleback":false,"tilesetId":7,"width":13,
"data":[6708,6732,6732,6732,6732,6732,6732,6732,6732,6732,6732,6732,6712,6728,7090,7090,7090,7090,7090,7090,7090,7090,7090,7090,7090,6720,6728,7096,7096,7096,7096,7096,7096,7096,7096,7096,7096,7096,6720,6728,1599,1599,1599,1599,1599,1599,1599,1599,1599,1599,1599,6720,6728,1599,1599,1599,1599,1599,1599,1599,1599,1599,1599,1599,6744,6728,1599,1599,1599,1599,1599,1599,1599,1599,1599,1599,1599,1599,6706,6724,6724,6724,6724,6724,6724,6724,6724,6724,6724,6724,6724,0,0,0,0,0,0,0,0,0,0,0,0,0,0,0,0,0,0,0,0,0,0,0,0,0,0,0,0,0,0,0,0,0,0,0,0,0,0,0,0,0,0,0,0,0,0,0,0,0,0,0,0,0,0,0,0,0,0,0,0,0,0,0,0,0,0,0,0,0,0,0,0,0,0,0,0,0,0,0,0,0,0,0,0,0,0,0,0,0,0,0,0,0,0,0,0,0,0,0,0,0,0,0,0,0,0,0,0,0,0,0,0,0,0,0,0,0,0,0,68,69,0,0,0,0,0,0,0,0,0,0,0,0,0,0,99,100,0,0,0,0,0,0,0,0,0,0,0,0,0,0,0,0,0,0,0,0,0,0,0,0,0,0,0,0,0,0,0,0,0,0,0,0,0,0,0,0,0,0,0,0,0,0,0,0,0,0,0,0,0,0,0,0,0,0,0,0,0,0,67,231,176,0,0,210,67,65,0,0,68,114,115,68,239,184,68,69,68,69,0,0,0,76,122,123,76,98,99,76,76,76,76,0,0,0,0,0,0,0,0,0,0,0,0,0,0,0,0,72,0,0,0,0,0,0,0,0,0,0,0,0,0,0,0,0,0,0,0,0,0,0,0,0,0,0,0,0,0,0,0,0,0,0,0,0,0,0,0,0,0,0,0,0,0,0,0,0,0,0,0,0,0,0,0,0,0,0,0,0,0,0,0,0,5,0,0,0,0,0,0,0,0,0,0,0,0,5,0,0,0,0,0,0,0,0,0,0,0,0,5,0,0,0,0,0,0,0,0,0,0,0,0,0,0,0,0,0,0,0,0,0,0,0,0,0,0,0,0,0,0,0,0,0,0,0,0,0,0,0,0,0,0,0,0,0,0,0,0,0,0,0,0,0,0,0,0,0,0,0,0,0,0,0,0,0,0,0,0,0,0,0,0,0,0,0,0,0,0,0,0,0,0,0,0,0,0,0,0,0,0,0,0,0,0,0,0,0,0,0,0,0,0,0,0,0,0,0,0,0,0,0,0,0,0,0],
"events":[
null,
{"id":1,"name":"EV001","note":"<NESフラッシュ対象:ON>","pages":[{"conditions":{"actorId":1,"actorValid":false,"itemId":1,"itemValid":false,"selfSwitchCh":"A","selfSwitchValid":false,"switch1Id":1,"switch1Valid":false,"switch2Id":1,"switch2Valid":false,"variableId":1,"variableValid":false,"variableValue":0},"directionFix":false,"image":{"tileId":306,"characterName":"","characterIndex":0,"direction":2,"pattern":0},"list":[{"code":355,"indent":0,"parameters":["for (const event of $gameMap._events) {"]},{"code":655,"indent":0,"parameters":["  if (event) {"]},{"code":655,"indent":0,"parameters":["    event._starting=false"]},{"code":655,"indent":0,"parameters":["  }"]},{"code":655,"indent":0,"parameters":["}"]},{"code":101,"indent":0,"parameters":["",0,0,2]},{"code":401,"indent":0,"parameters":["A pretty plant with red flowers."]},{"code":0,"indent":0,"parameters":[]}],"moveFrequency":3,"moveRoute":{"list":[{"code":0,"parameters":[]}],"repeat":true,"skippable":false,"wait":false},"moveSpeed":3,"moveType":0,"priorityType":1,"stepAnime":false,"through":false,"trigger":0,"walkAnime":true}],"x":11,"y":3},
{"id":2,"name":"To Family Room","note":"","pages":[{"conditions":{"actorId":1,"actorValid":false,"itemId":1,"itemValid":false,"selfSwitchCh":"A","selfSwitchValid":false,"switch1Id":1,"switch1Valid":false,"switch2Id":1,"switch2Valid":false,"variableId":1,"variableValid":false,"variableValue":0},"directionFix":false,"image":{"characterIndex":0,"characterName":"","direction":2,"pattern":0,"tileId":0},"list":[{"code":250,"indent":0,"parameters":[{"name":"normal_steps","volume":90,"pitch":100,"pan":0}]},{"code":201,"indent":0,"parameters":[0,27,0,11,6,0]},{"code":0,"indent":0,"parameters":[]}],"moveFrequency":3,"moveRoute":{"list":[{"code":0,"parameters":[]}],"repeat":true,"skippable":false,"wait":false},"moveSpeed":3,"moveType":0,"priorityType":1,"stepAnime":false,"through":true,"trigger":1,"walkAnime":false}],"x":12,"y":5},
null,
{"id":4,"name":"EV004","note":"","pages":[{"conditions":{"actorId":1,"actorValid":false,"itemId":1,"itemValid":false,"selfSwitchCh":"A","selfSwitchValid":false,"switch1Id":1,"switch1Valid":false,"switch2Id":1,"switch2Valid":false,"variableId":1,"variableValid":false,"variableValue":0},"directionFix":false,"image":{"characterIndex":0,"characterName":"","direction":2,"pattern":0,"tileId":0},"list":[{"code":101,"indent":0,"parameters":["Meowpheus_Expressions",5,0,2]},{"code":401,"indent":0,"parameters":["I can't leave now. "]},{"code":401,"indent":0,"parameters":["Not until I rescue my family."]},{"code":0,"indent":0,"parameters":[]}],"moveFrequency":3,"moveRoute":{"list":[{"code":0,"parameters":[]}],"repeat":true,"skippable":false,"wait":false},"moveSpeed":3,"moveType":0,"priorityType":0,"stepAnime":false,"through":false,"trigger":1,"walkAnime":true}],"x":1,"y":5},
{"id":5,"name":"Lighting","note":"","pages":[{"conditions":{"actorId":1,"actorValid":false,"itemId":1,"itemValid":false,"selfSwitchCh":"A","selfSwitchValid":false,"switch1Id":1,"switch1Valid":false,"switch2Id":1,"switch2Valid":false,"variableId":1,"variableValid":false,"variableValue":0},"directionFix":false,"image":{"characterIndex":0,"characterName":"","direction":2,"pattern":0,"tileId":0},"list":[{"code":355,"indent":0,"parameters":["$gamePlayer._moveSpeed = 4;"]},{"code":205,"indent":0,"parameters":[-1,{"list":[{"code":3,"indent":null},{"code":0}],"repeat":false,"skippable":false,"wait":true}]},{"code":505,"indent":0,"parameters":[{"code":3,"indent":null}]},{"code":355,"indent":0,"parameters":["$gameLighting.setMapAmbient(\"#ffffff\")"]},{"code":101,"indent":0,"parameters":["Meowpheus_Expressions",7,0,2]},{"code":401,"indent":0,"parameters":["\\n<Meowpheus>Two Bones has caused so much misery, but he "]},{"code":401,"indent":0,"parameters":["has also experienced so much sorrow. I feel "]},{"code":401,"indent":0,"parameters":["so sorry for him."]},{"code":101,"indent":0,"parameters":["Voice_Expressions",1,0,2]},{"code":401,"indent":0,"parameters":["\\n<Willo>What you’re feeling right now means you've "]},{"code":401,"indent":0,"parameters":["taken a step towards understanding. "]},{"code":101,"indent":0,"parameters":["Meowpheus_Expressions",7,0,2]},{"code":401,"indent":0,"parameters":["\\n<Meowpheus>I don’t know what I should do. What’s "]},{"code":401,"indent":0,"parameters":["the right choice Willo?"]},{"code":101,"indent":0,"parameters":["Voice_Expressions",1,0,2]},{"code":401,"indent":0,"parameters":["\\n<Willo>Meowpheus, in life, there isn’t a right "]},{"code":401,"indent":0,"parameters":["choice or wrong choice. "]},{"code":401,"indent":0,"parameters":["There’s only a choice."]},{"code":101,"indent":0,"parameters":["Voice_Expressions",1,0,2]},{"code":401,"indent":0,"parameters":["\\n<Willo>Right now, your family is in danger. "]},{"code":401,"indent":0,"parameters":["What choice will you make to save them?"]},{"code":123,"indent":0,"parameters":["A",0]},{"code":0,"indent":0,"parameters":[]}],"moveFrequency":3,"moveRoute":{"list":[{"code":0,"parameters":[]}],"repeat":true,"skippable":false,"wait":false},"moveSpeed":3,"moveType":0,"priorityType":1,"stepAnime":false,"through":false,"trigger":4,"walkAnime":false},{"conditions":{"actorId":1,"actorValid":false,"itemId":1,"itemValid":false,"selfSwitchCh":"A","selfSwitchValid":true,"switch1Id":1,"switch1Valid":false,"switch2Id":1,"switch2Valid":false,"variableId":1,"variableValid":false,"variableValue":0},"directionFix":false,"image":{"characterIndex":0,"characterName":"","direction":2,"pattern":0,"tileId":0},"list":[{"code":0,"indent":0,"parameters":[]}],"moveFrequency":3,"moveRoute":{"list":[{"code":0,"parameters":[]}],"repeat":true,"skippable":false,"wait":false},"moveSpeed":3,"moveType":0,"priorityType":1,"stepAnime":false,"through":false,"trigger":0,"walkAnime":false}],"x":0,"y":0}
]
}