{
"autoplayBgm":true,"autoplayBgs":false,"battleback1Name":"","battleback2Name":"","bgm":{"name":"a_quaint_life","pan":0,"pitch":100,"volume":40},"bgs":{"name":"","pan":0,"pitch":100,"volume":90},"disableDashing":false,"displayName":"Bakery","encounterList":[],"encounterStep":30,"height":11,"note":"","parallaxLoopX":false,"parallaxLoopY":false,"parallaxName":"","parallaxShow":true,"parallaxSx":0,"parallaxSy":0,"scrollType":0,"specifyBattleback":false,"tilesetId":7,"width":10,
"data":[6708,6732,6732,6732,6732,6732,6732,6732,6732,6712,6728,7090,7090,7090,7090,7090,7090,7090,7090,6720,6728,7096,7096,7096,7096,7096,7096,7096,7096,6720,6728,1596,1596,1596,1596,1596,1596,1596,1596,6720,6728,1596,1596,1596,1596,1596,1596,1596,1596,6720,6728,1596,1596,1596,1596,1596,1596,1596,1596,6720,6728,1596,1596,1596,1596,1596,1596,1596,1596,6720,6728,1596,1596,1596,1596,1596,1596,1596,1596,6720,6728,1596,1596,1596,1596,1596,1596,1596,1596,6720,6734,6737,6737,6741,1596,6739,6737,6737,6737,6733,1607,1607,1607,6736,1596,6736,1607,1607,1607,1607,0,0,0,0,0,0,0,0,0,0,0,0,0,0,0,0,0,0,0,0,0,0,0,0,0,0,0,0,0,0,0,0,0,0,3578,0,0,0,3578,0,0,3579,3569,3569,3575,0,0,0,3568,0,0,0,0,0,0,0,0,0,3568,0,0,0,4338,4324,4340,0,0,0,3568,0,0,0,4344,4332,4342,0,0,0,3580,0,0,0,0,0,0,0,0,0,0,0,0,0,0,0,0,0,0,0,0,0,0,0,0,0,0,0,0,0,0,0,0,0,0,0,0,0,0,0,0,0,0,0,0,0,0,0,0,0,0,0,0,0,0,0,0,0,239,0,0,0,0,0,0,0,0,0,0,0,0,0,0,0,0,0,0,0,0,0,280,0,0,0,0,0,0,0,0,0,0,0,0,0,280,0,296,0,0,0,0,0,0,0,0,0,0,0,0,0,0,0,0,0,0,0,0,0,0,0,0,0,0,0,0,0,0,0,0,0,0,0,0,0,0,0,0,0,0,0,0,0,0,0,0,0,0,0,0,0,0,0,0,209,0,0,231,0,0,231,209,0,0,217,0,0,239,49,50,239,217,0,0,0,288,0,0,57,58,0,0,0,0,0,296,0,0,0,0,0,290,0,0,0,0,0,288,0,0,0,298,0,0,0,288,0,289,0,0,0,0,0,0,0,296,0,297,0,0,0,0,0,0,0,0,0,0,0,0,192,193,0,0,0,0,0,0,0,0,0,0,0,0,0,0,0,0,0,0,0,0,0,0,0,0,0,0,0,0,0,0,0,0,0,0,0,0,0,0,0,0,0,0,0,0,0,0,0,0,0,0,0,0,5,0,0,0,0,0,0,0,0,0,5,0,0,0,0,0,0,0,0,0,5,0,0,0,0,0,0,0,0,0,5,0,0,0,0,0,0,0,0,0,5,0,0,0,0,0,0,0,0,0,5,0,0,0,0,0,0,0,0,0,0,0,0,0,0,0,0,0,0,0,0,0,0,5,0,5,0,0,0,0,0,0,0,0,0,0,0,0,0,0,0,0,0,0,0,0,0,0,0,0,0,0,0,0,0,0,0,0,0,0,0,0,0,0,0,0,0,0,0,0,0,0,0,0,0,0,0,0,0,0,0,0,0,0,0,0,0,0,0,0,0,0,0,0,0,0,0,0,0,0,0,0,0,0,0,0,0,0,0,0,0,0,0,0,0,0,0,0,0,0,0,0,0,0,0,0,0,0,0,0,0,0,0,0,0,0,0,0,0],
"events":[
null,
{"id":1,"name":"Exit To Corso Estate","note":"","pages":[{"conditions":{"actorId":1,"actorValid":false,"itemId":1,"itemValid":false,"selfSwitchCh":"A","selfSwitchValid":false,"switch1Id":8,"switch1Valid":false,"switch2Id":1,"switch2Valid":false,"variableId":1,"variableValid":false,"variableValue":0},"directionFix":false,"image":{"tileId":0,"characterName":"","direction":2,"pattern":0,"characterIndex":0},"list":[{"code":101,"indent":0,"parameters":["Meowpheus_Expressions",3,0,2]},{"code":401,"indent":0,"parameters":["\\n<Meowpheus>What am I doing? I can't forget the cookies!"]},{"code":205,"indent":0,"parameters":[-1,{"list":[{"code":4,"indent":null},{"code":0}],"repeat":false,"skippable":true,"wait":true}]},{"code":505,"indent":0,"parameters":[{"code":4,"indent":null}]},{"code":0,"indent":0,"parameters":[]}],"moveFrequency":3,"moveRoute":{"list":[{"code":0,"parameters":[]}],"repeat":true,"skippable":false,"wait":false},"moveSpeed":3,"moveType":0,"priorityType":1,"stepAnime":false,"through":true,"trigger":1,"walkAnime":false},{"conditions":{"actorId":1,"actorValid":false,"itemId":1,"itemValid":false,"selfSwitchCh":"A","selfSwitchValid":false,"switch1Id":8,"switch1Valid":true,"switch2Id":1,"switch2Valid":false,"variableId":1,"variableValid":false,"variableValue":0},"directionFix":false,"image":{"tileId":0,"characterName":"","direction":2,"pattern":0,"characterIndex":0},"list":[{"code":221,"indent":0,"parameters":[]},{"code":250,"indent":0,"parameters":[{"name":"door open new","volume":90,"pitch":100,"pan":0}]},{"code":230,"indent":0,"parameters":[30]},{"code":250,"indent":0,"parameters":[{"name":"normal_steps","volume":65,"pitch":100,"pan":0}]},{"code":250,"indent":0,"parameters":[{"name":"normal_steps","volume":65,"pitch":100,"pan":0}]},{"code":101,"indent":0,"parameters":["",0,1,1]},{"code":401,"indent":0,"parameters":[""]},{"code":401,"indent":0,"parameters":["<Center>Walking back to the Corso Estate.\\|\\^"]},{"code":201,"indent":0,"parameters":[0,3,9,12,8,0]},{"code":0,"indent":0,"parameters":[]}],"moveFrequency":3,"moveRoute":{"list":[{"code":0,"parameters":[]}],"repeat":true,"skippable":false,"wait":false},"moveSpeed":3,"moveType":0,"priorityType":0,"stepAnime":false,"through":true,"trigger":1,"walkAnime":false},{"conditions":{"actorId":1,"actorValid":false,"itemId":1,"itemValid":false,"selfSwitchCh":"A","selfSwitchValid":false,"switch1Id":8,"switch1Valid":true,"switch2Id":6,"switch2Valid":true,"variableId":1,"variableValid":false,"variableValue":0},"directionFix":false,"image":{"tileId":0,"characterName":"","direction":2,"pattern":0,"characterIndex":0},"list":[{"code":230,"indent":0,"parameters":[30]},{"code":250,"indent":0,"parameters":[{"name":"door open new","volume":90,"pitch":100,"pan":0}]},{"code":211,"indent":0,"parameters":[0]},{"code":101,"indent":0,"parameters":["CorsoHenzenExpresssion",5,0,2]},{"code":401,"indent":0,"parameters":["\\n<Hetzen>Would you like a cookie?"]},{"code":205,"indent":0,"parameters":[5,{"list":[{"code":16,"indent":null},{"code":1,"indent":null},{"code":2,"indent":null},{"code":2,"indent":null},{"code":2,"indent":null},{"code":19,"indent":null},{"code":0}],"repeat":false,"skippable":false,"wait":true}]},{"code":505,"indent":0,"parameters":[{"code":16,"indent":null}]},{"code":505,"indent":0,"parameters":[{"code":1,"indent":null}]},{"code":505,"indent":0,"parameters":[{"code":2,"indent":null}]},{"code":505,"indent":0,"parameters":[{"code":2,"indent":null}]},{"code":505,"indent":0,"parameters":[{"code":2,"indent":null}]},{"code":505,"indent":0,"parameters":[{"code":19,"indent":null}]},{"code":101,"indent":0,"parameters":["Cat_NPCS_Expressions",2,0,2]},{"code":401,"indent":0,"parameters":["\\n<Little Cat>My master won’t buy me a treat. "]},{"code":401,"indent":0,"parameters":["He says I’m a bad \\C[1]cat\\C\\C[0]. Only good "]},{"code":401,"indent":0,"parameters":["girls get cookies."]},{"code":355,"indent":0,"parameters":["$gameNotepad.show(\"LittleCat\");"]},{"code":655,"indent":0,"parameters":["$gameNotepad.appendNoteByKey(\"LittleCat\", \"\", '\\\\fs[20]\"'+\"He says I’m a bad \\\\C[18]cat\\\\C\\\\C[0]\"+'\"');"]},{"code":101,"indent":0,"parameters":["CorsoHenzenExpresssion",4,0,2]},{"code":401,"indent":0,"parameters":["\\n<Hetzen>He is wrong."]},{"code":101,"indent":0,"parameters":["CorsoHenzenExpresssion",5,0,2]},{"code":401,"indent":0,"parameters":["\\n<Hetzen>You’re a good girl."]},{"code":101,"indent":0,"parameters":["",0,0,2]},{"code":401,"indent":0,"parameters":[""]},{"code":401,"indent":0,"parameters":["<Center>[Hetzen gives the little cat a cookie.]"]},{"code":101,"indent":0,"parameters":["Cat_NPCS_Expressions",0,0,2]},{"code":401,"indent":0,"parameters":["\\n<Little Cat>Really? For me? Thank you!"]},{"code":101,"indent":0,"parameters":["CorsoHenzenExpresssion",5,0,2]},{"code":401,"indent":0,"parameters":["\\n<Hetzen>Eat it before you get home... and "]},{"code":401,"indent":0,"parameters":["don’t tell anyone. Okay?"]},{"code":213,"indent":0,"parameters":[5,4,true]},{"code":221,"indent":0,"parameters":[]},{"code":250,"indent":0,"parameters":[{"name":"normal_steps","volume":65,"pitch":100,"pan":0}]},{"code":250,"indent":0,"parameters":[{"name":"normal_steps","volume":65,"pitch":100,"pan":0}]},{"code":101,"indent":0,"parameters":["",0,1,1]},{"code":401,"indent":0,"parameters":[""]},{"code":401,"indent":0,"parameters":["<Center>Walking back to the Corso Estate.\\|\\^"]},{"code":201,"indent":0,"parameters":[0,3,9,12,8,0]},{"code":0,"indent":0,"parameters":[]}],"moveFrequency":3,"moveRoute":{"list":[{"code":0,"parameters":[]}],"repeat":true,"skippable":false,"wait":false},"moveSpeed":3,"moveType":0,"priorityType":1,"stepAnime":false,"through":true,"trigger":1,"walkAnime":false}],"x":4,"y":10},
{"id":2,"name":"Run When Player Enters","note":"","pages":[{"conditions":{"actorId":1,"actorValid":false,"itemId":1,"itemValid":false,"selfSwitchCh":"A","selfSwitchValid":false,"switch1Id":1,"switch1Valid":false,"switch2Id":1,"switch2Valid":false,"variableId":1,"variableValid":false,"variableValue":0},"directionFix":false,"image":{"tileId":0,"characterName":"","direction":2,"pattern":0,"characterIndex":0},"list":[{"code":222,"indent":0,"parameters":[]},{"code":101,"indent":0,"parameters":["CorsoHenzenExpresssion",3,0,2]},{"code":401,"indent":0,"parameters":["\\n<Hetzen>I'm so sorry, Bichon."]},{"code":401,"indent":0,"parameters":["I didn't know your daughter was so \\C[18]sick\\C."]},{"code":355,"indent":0,"parameters":["$gameNotepad.show(\"Hetzen\");"]},{"code":655,"indent":0,"parameters":["$gameNotepad.appendNoteByKey(\"Hetzen\", \"\", '\\\\fs[20]\"'+\"I didn't know your daughter was so \\\\C[18]sick\\\\C.\"+'\"');"]},{"code":101,"indent":0,"parameters":["Warden_Expressions",4,0,2]},{"code":401,"indent":0,"parameters":["\\n<Warden B>She had a cold Hetzen. It was just"]},{"code":401,"indent":0,"parameters":["a cold."]},{"code":101,"indent":0,"parameters":["Warden_Expressions",4,0,2]},{"code":401,"indent":0,"parameters":["\\n<Warden B>But now, she can't move, and she can"]},{"code":401,"indent":0,"parameters":["barely breathe..."]},{"code":101,"indent":0,"parameters":["Warden_Expressions",4,0,2]},{"code":401,"indent":0,"parameters":["\\n<Warden B>I \\C[1]wish\\C\\C[0] I could make it better."]},{"code":401,"indent":0,"parameters":["I've tried... we've tried everything, but "]},{"code":401,"indent":0,"parameters":["nothing helps."]},{"code":355,"indent":0,"parameters":["$gameNotepad.show(\"WardenB\");"]},{"code":655,"indent":0,"parameters":["$gameNotepad.appendNoteByKey(\"WardenB\", \"\", '\\\\fs[20]\"'+\"I \\\\C[1]wish\\\\C\\\\C[0] I could make it better\"+'\"');"]},{"code":101,"indent":0,"parameters":["Warden_Expressions",4,0,2]},{"code":401,"indent":0,"parameters":["\\n<Warden B>How will I live without her? She's"]},{"code":401,"indent":0,"parameters":["my baby."]},{"code":101,"indent":0,"parameters":["Warden_Expressions",4,0,2]},{"code":401,"indent":0,"parameters":["\\n<Warden B>I'm sorry. I should get back to the prison."]},{"code":101,"indent":0,"parameters":["CorsoHenzenExpresssion",4,0,2]},{"code":401,"indent":0,"parameters":["\\n<Hetzen>There is no need to apologize."]},{"code":401,"indent":0,"parameters":["I'm always here for you, Bichon."]},{"code":101,"indent":0,"parameters":["Warden_Expressions",4,0,2]},{"code":401,"indent":0,"parameters":["\\n<Warden B>Thank you. I'll see you tomorrow."]},{"code":205,"indent":0,"parameters":[3,{"list":[{"code":2,"indent":null},{"code":2,"indent":null},{"code":1,"indent":null},{"code":1,"indent":null},{"code":1,"indent":null},{"code":3,"indent":null},{"code":3,"indent":null},{"code":0}],"repeat":false,"skippable":false,"wait":true}]},{"code":505,"indent":0,"parameters":[{"code":2,"indent":null}]},{"code":505,"indent":0,"parameters":[{"code":2,"indent":null}]},{"code":505,"indent":0,"parameters":[{"code":1,"indent":null}]},{"code":505,"indent":0,"parameters":[{"code":1,"indent":null}]},{"code":505,"indent":0,"parameters":[{"code":1,"indent":null}]},{"code":505,"indent":0,"parameters":[{"code":3,"indent":null}]},{"code":505,"indent":0,"parameters":[{"code":3,"indent":null}]},{"code":205,"indent":0,"parameters":[-1,{"list":[{"code":17,"indent":null},{"code":0}],"repeat":false,"skippable":false,"wait":true}]},{"code":505,"indent":0,"parameters":[{"code":17,"indent":null}]},{"code":213,"indent":0,"parameters":[3,8,false]},{"code":213,"indent":0,"parameters":[-1,8,true]},{"code":205,"indent":0,"parameters":[3,{"list":[{"code":3,"indent":null},{"code":1,"indent":null},{"code":0}],"repeat":false,"skippable":false,"wait":true}]},{"code":505,"indent":0,"parameters":[{"code":3,"indent":null}]},{"code":505,"indent":0,"parameters":[{"code":1,"indent":null}]},{"code":250,"indent":0,"parameters":[{"name":"door open new","volume":90,"pitch":100,"pan":0}]},{"code":121,"indent":0,"parameters":[7,7,0]},{"code":101,"indent":0,"parameters":["Voice_Expressions",0,0,2]},{"code":401,"indent":0,"parameters":["\\n<Willo>Did you feel that? Two more emotionally"]},{"code":401,"indent":0,"parameters":["charged words!"]},{"code":123,"indent":0,"parameters":["A",0]},{"code":0,"indent":0,"parameters":[]}],"moveFrequency":3,"moveRoute":{"list":[{"code":0,"parameters":[]}],"repeat":true,"skippable":false,"wait":false},"moveSpeed":3,"moveType":0,"priorityType":0,"stepAnime":false,"through":false,"trigger":3,"walkAnime":true},{"conditions":{"actorId":1,"actorValid":false,"itemId":1,"itemValid":false,"selfSwitchCh":"A","selfSwitchValid":true,"switch1Id":1,"switch1Valid":false,"switch2Id":1,"switch2Valid":false,"variableId":1,"variableValid":false,"variableValue":0},"directionFix":false,"image":{"characterIndex":0,"characterName":"","direction":2,"pattern":0,"tileId":0},"list":[{"code":0,"indent":0,"parameters":[]}],"moveFrequency":3,"moveRoute":{"list":[{"code":0,"parameters":[]}],"repeat":true,"skippable":false,"wait":false},"moveSpeed":3,"moveType":0,"priorityType":0,"stepAnime":false,"through":false,"trigger":0,"walkAnime":true}],"x":9,"y":0},
{"id":3,"name":"Warden B","note":"<NPC>","pages":[{"conditions":{"actorId":1,"actorValid":false,"itemId":1,"itemValid":false,"selfSwitchCh":"A","selfSwitchValid":false,"switch1Id":1,"switch1Valid":false,"switch2Id":1,"switch2Valid":false,"variableId":1,"variableValid":false,"variableValue":0},"directionFix":false,"image":{"tileId":0,"characterName":"Warden_Turnarounds","direction":8,"pattern":1,"characterIndex":0},"list":[{"code":0,"indent":0,"parameters":[]}],"moveFrequency":3,"moveRoute":{"list":[{"code":0,"parameters":[]}],"repeat":true,"skippable":false,"wait":false},"moveSpeed":4,"moveType":0,"priorityType":1,"stepAnime":false,"through":false,"trigger":0,"walkAnime":true},{"conditions":{"actorId":1,"actorValid":false,"itemId":1,"itemValid":false,"selfSwitchCh":"A","selfSwitchValid":false,"switch1Id":7,"switch1Valid":true,"switch2Id":1,"switch2Valid":false,"variableId":1,"variableValid":false,"variableValue":0},"directionFix":false,"image":{"characterIndex":0,"characterName":"","direction":2,"pattern":0,"tileId":0},"list":[{"code":0,"indent":0,"parameters":[]}],"moveFrequency":3,"moveRoute":{"list":[{"code":0,"parameters":[]}],"repeat":true,"skippable":false,"wait":false},"moveSpeed":3,"moveType":0,"priorityType":0,"stepAnime":false,"through":false,"trigger":0,"walkAnime":true}],"x":3,"y":5},
{"id":4,"name":"Hetzen","note":"","pages":[{"conditions":{"actorId":1,"actorValid":false,"itemId":1,"itemValid":false,"selfSwitchCh":"A","selfSwitchValid":false,"switch1Id":1,"switch1Valid":false,"switch2Id":1,"switch2Valid":false,"variableId":1,"variableValid":false,"variableValue":0},"directionFix":false,"image":{"tileId":0,"characterName":"Main_Characters_Turnaround","direction":2,"pattern":1,"characterIndex":1},"list":[{"code":101,"indent":0,"parameters":["CorsoHenzenExpresssion",5,0,2]},{"code":401,"indent":0,"parameters":["\\n<Hetzen>Hello, Meowpheus."]},{"code":101,"indent":0,"parameters":["CorsoHenzenExpresssion",4,0,2]},{"code":401,"indent":0,"parameters":["\\n<Hetzen>As Lord Corso ordered, one dozen blueberry"]},{"code":401,"indent":0,"parameters":["and chocolate cookies."]},{"code":101,"indent":0,"parameters":["CorsoHenzenExpresssion",3,0,2]},{"code":401,"indent":0,"parameters":["\\n<Hetzen>I wonder why he ordered a special "]},{"code":401,"indent":0,"parameters":["batch of cookies?"]},{"code":101,"indent":0,"parameters":["CorsoHenzenExpresssion",3,0,2]},{"code":401,"indent":0,"parameters":["\\n<Hetzen>Lord Corso hates cookies. He says they"]},{"code":401,"indent":0,"parameters":["bring people too much \\C[1]joy\\C\\C[0]."]},{"code":355,"indent":0,"parameters":["$gameNotepad.show(\"Hetzen\");"]},{"code":655,"indent":0,"parameters":["$gameNotepad.appendNoteByKey(\"Hetzen\", \"\", '\\\\fs[20]\"'+\"He says they bring people too much \\\\C[1]joy\\\\C\\\\C[0].\"+'\"');"]},{"code":101,"indent":0,"parameters":["Voice_Expressions",0,0,2]},{"code":401,"indent":0,"parameters":["\\n<Willo>There it is again! Did you feel that?"]},{"code":401,"indent":0,"parameters":["When he said: \"\\C[1]joy\\C\\C[0]\"!"]},{"code":355,"indent":0,"parameters":["$gameNotepad.show(\"Willo\");"]},{"code":655,"indent":0,"parameters":["$gameNotepad.appendNoteByKey(\"Willo\", \"\", '\\\\fs[20]\"'+\"Did you feel that? When he said: '\\\\C[1]joy\\\\C\\\\C[0]'!\"+'\"');"]},{"code":101,"indent":0,"parameters":["Meowpheus_Expressions",7,0,2]},{"code":401,"indent":0,"parameters":["\\n<Meowpheus>I am not sure, Hetzen."]},{"code":401,"indent":0,"parameters":["It is not my place to question."]},{"code":355,"indent":0,"parameters":["$gameNotepad.hide(\"Quest2\");"]},{"code":655,"indent":0,"parameters":["$gameNotepad.show(\"Quest3\");"]},{"code":101,"indent":0,"parameters":["CorsoHenzenExpresssion",4,0,2]},{"code":401,"indent":0,"parameters":["\\n<Hetzen>I understand. I'm sorry, Meowpheus."]},{"code":101,"indent":0,"parameters":["Meowpheus_Expressions",4,0,2]},{"code":401,"indent":0,"parameters":["\\n<Meowpheus>It's not your fault."]},{"code":401,"indent":0,"parameters":["You've always been so kind to me."]},{"code":101,"indent":0,"parameters":["CorsoHenzenExpresssion",5,0,2]},{"code":401,"indent":0,"parameters":["\\n<Hetzen>Anytime! Take care, Meowpheus."]},{"code":101,"indent":0,"parameters":["",0,1,1]},{"code":401,"indent":0,"parameters":["<CENTER> \\C[24] New Quest\\C"]},{"code":401,"indent":0,"parameters":["Return to Lord Corso."]},{"code":123,"indent":0,"parameters":["A",0]},{"code":121,"indent":0,"parameters":[8,8,0]},{"code":0,"indent":0,"parameters":[]}],"moveFrequency":3,"moveRoute":{"list":[{"code":0,"parameters":[]}],"repeat":true,"skippable":false,"wait":false},"moveSpeed":3,"moveType":0,"priorityType":1,"stepAnime":false,"through":false,"trigger":0,"walkAnime":false},{"conditions":{"actorId":1,"actorValid":false,"itemId":1,"itemValid":false,"selfSwitchCh":"A","selfSwitchValid":true,"switch1Id":1,"switch1Valid":false,"switch2Id":1,"switch2Valid":false,"variableId":1,"variableValid":false,"variableValue":0},"directionFix":false,"image":{"tileId":0,"characterName":"Main_Characters_Turnaround","direction":2,"pattern":1,"characterIndex":1},"list":[{"code":101,"indent":0,"parameters":["CorsoHenzenExpresssion",3,0,2]},{"code":401,"indent":0,"parameters":["\\n<Hetzen>I wonder why Lord Corso placed such a "]},{"code":401,"indent":0,"parameters":["strange order? He hates cookies."]},{"code":0,"indent":0,"parameters":[]}],"moveFrequency":3,"moveRoute":{"list":[{"code":0,"parameters":[]}],"repeat":true,"skippable":false,"wait":false},"moveSpeed":3,"moveType":0,"priorityType":1,"stepAnime":false,"through":false,"trigger":0,"walkAnime":false}],"x":3,"y":3},
{"id":5,"name":"Little Cat","note":"<NPC>","pages":[{"conditions":{"actorId":1,"actorValid":false,"itemId":1,"itemValid":false,"selfSwitchCh":"A","selfSwitchValid":false,"switch1Id":1,"switch1Valid":false,"switch2Id":1,"switch2Valid":false,"variableId":1,"variableValid":false,"variableValue":0},"directionFix":false,"image":{"tileId":0,"characterName":"Cat_NPCS_Turnarounds","direction":8,"pattern":1,"characterIndex":1},"list":[{"code":205,"indent":0,"parameters":[0,{"list":[{"code":25,"indent":null},{"code":0}],"repeat":false,"skippable":false,"wait":true}]},{"code":505,"indent":0,"parameters":[{"code":25,"indent":null}]},{"code":101,"indent":0,"parameters":["Cat_NPCS_Expressions",0,0,2]},{"code":401,"indent":0,"parameters":["\\n<Little Cat>These cookies look so tasty!"]},{"code":205,"indent":0,"parameters":[0,{"list":[{"code":19,"indent":null},{"code":0}],"repeat":false,"skippable":false,"wait":true}]},{"code":505,"indent":0,"parameters":[{"code":19,"indent":null}]},{"code":121,"indent":0,"parameters":[6,6,0]},{"code":0,"indent":0,"parameters":[]}],"moveFrequency":3,"moveRoute":{"list":[{"code":0,"parameters":[]}],"repeat":true,"skippable":false,"wait":false},"moveSpeed":3,"moveType":0,"priorityType":1,"stepAnime":false,"through":false,"trigger":0,"walkAnime":true}],"x":6,"y":4},
{"id":6,"name":"EV006","note":"<NESフラッシュ対象:ON>","pages":[{"conditions":{"actorId":1,"actorValid":false,"itemId":1,"itemValid":false,"selfSwitchCh":"A","selfSwitchValid":false,"switch1Id":1,"switch1Valid":false,"switch2Id":1,"switch2Valid":false,"variableId":1,"variableValid":false,"variableValue":0},"directionFix":false,"image":{"tileId":309,"characterName":"","characterIndex":0,"direction":2,"pattern":0},"list":[{"code":355,"indent":0,"parameters":["for (const event of $gameMap._events) {"]},{"code":655,"indent":0,"parameters":["  if (event) {"]},{"code":655,"indent":0,"parameters":["    event._starting=false"]},{"code":655,"indent":0,"parameters":["  }"]},{"code":655,"indent":0,"parameters":["}"]},{"code":101,"indent":0,"parameters":["",0,0,2]},{"code":401,"indent":0,"parameters":["Hetzen's spare hat. It's very cool."]},{"code":0,"indent":0,"parameters":[]}],"moveFrequency":3,"moveRoute":{"list":[{"code":0,"parameters":[]}],"repeat":true,"skippable":false,"wait":false},"moveSpeed":3,"moveType":0,"priorityType":1,"stepAnime":false,"through":false,"trigger":0,"walkAnime":true}],"x":8,"y":7}
]
}