{
"autoplayBgm":true,"autoplayBgs":true,"battleback1Name":"","battleback2Name":"","bgm":{"name":"hopes_prison","pan":0,"pitch":100,"volume":25},"bgs":{"name":"","pan":0,"pitch":100,"volume":90},"disableDashing":false,"displayName":"Warden's Office","encounterList":[],"encounterStep":30,"height":11,"note":"","parallaxLoopX":false,"parallaxLoopY":false,"parallaxName":"","parallaxShow":true,"parallaxSx":0,"parallaxSy":0,"scrollType":0,"specifyBattleback":false,"tilesetId":7,"width":14,
"data":[6852,6876,6876,6876,6876,6876,6876,6876,6876,6856,6848,6848,6848,6848,6872,7234,7234,7234,7234,7234,7234,7234,7234,6888,6876,6876,6876,6876,6872,7240,7240,7240,7240,7240,7240,7240,7240,7235,7234,7234,7234,7238,6872,1592,1592,1592,1592,1592,1592,1592,1592,7241,7240,7240,7240,7244,6872,1592,1592,1592,1592,1592,1592,1592,1592,1568,1569,1569,1569,1569,6872,1592,1592,1592,1592,1592,1592,1592,1592,1576,1577,1577,1577,1577,6872,1592,1592,1592,1592,1592,1592,1592,1592,1584,1585,1585,1585,1585,6872,1592,1592,1592,1592,1592,1592,1592,1592,6883,6881,6881,6881,6881,6878,6881,6881,6881,6881,6881,6881,6881,6881,6887,7235,7234,7234,7238,7235,7234,7234,7234,7234,7234,7234,7234,7234,7238,7233,7232,7232,7236,7241,7240,7240,7240,7240,7240,7240,7240,7240,7240,7240,7240,7240,7244,0,0,0,0,0,0,0,0,0,0,0,0,0,0,0,0,0,0,0,0,0,0,0,0,0,0,0,0,0,0,0,0,0,0,0,0,0,0,0,0,0,0,0,0,0,0,3195,3197,0,0,0,0,0,0,0,0,0,0,0,0,0,0,0,0,0,0,0,0,0,0,0,0,0,0,0,0,0,0,0,0,0,0,0,0,0,0,0,0,0,0,0,0,0,0,0,0,0,0,0,0,0,0,0,0,0,0,0,0,0,0,0,0,0,0,0,0,0,0,0,0,0,0,0,0,0,0,0,0,0,0,0,0,0,0,0,0,0,0,0,0,0,0,0,0,0,0,0,0,0,0,0,0,0,0,0,0,0,0,0,0,0,0,0,0,0,0,0,0,0,0,0,0,0,0,0,0,0,0,0,0,0,0,0,0,68,0,0,0,0,0,0,0,0,0,0,0,0,0,197,0,198,198,0,0,0,0,0,0,0,0,0,0,197,0,0,0,0,0,0,0,0,0,0,0,0,0,197,0,0,0,0,0,0,0,0,0,0,0,0,0,312,0,0,0,0,0,0,0,0,0,0,0,0,0,0,0,0,0,0,0,0,0,0,0,0,0,0,0,0,0,0,0,0,0,0,0,0,0,0,0,0,0,0,0,0,0,0,0,0,0,0,0,0,0,0,0,0,0,0,0,0,0,0,0,0,0,0,0,0,0,0,0,0,0,0,0,0,0,0,0,0,0,0,0,0,0,0,0,225,0,225,0,0,0,0,0,0,68,69,69,0,0,68,68,69,0,209,0,209,0,0,0,76,0,197,197,0,0,0,0,217,0,217,0,0,0,89,0,0,0,0,0,0,0,0,0,0,0,0,0,89,0,0,0,0,0,0,0,0,0,0,0,0,0,97,0,0,0,0,0,0,0,0,0,0,0,0,0,0,0,0,0,0,0,0,0,0,0,0,0,0,0,0,0,0,0,0,0,0,0,0,0,0,0,0,0,0,0,0,0,0,0,0,0,0,0,0,0,0,0,0,0,0,0,0,0,0,0,0,0,0,0,0,0,0,0,0,0,0,0,0,0,0,0,0,0,0,0,0,0,0,0,0,0,0,0,0,0,0,0,0,0,0,0,0,0,0,0,0,0,0,0,0,0,0,5,0,0,0,0,0,0,0,0,0,0,0,0,0,5,0,0,0,0,0,0,0,0,0,0,0,0,0,5,0,0,0,0,0,0,0,0,0,0,0,0,0,5,0,0,0,0,0,0,0,0,0,0,0,0,0,5,0,0,0,0,0,0,0,0,0,0,0,0,0,0,0,0,0,0,0,0,0,0,0,0,0,0,0,0,0,0,0,0,0,0,0,0,0,0,0,0,0,0,0,0,0,0,0,0,0,0,0,0,0,0,2,2,2,2,2,2,2,2,2,2,2,2,2,2,2,0,0,0,0,0,0,0,0,2,2,2,2,2,2,0,0,0,0,0,0,0,0,0,0,0,0,0,2,0,0,0,0,0,0,0,0,0,0,0,0,0,2,0,0,0,0,0,0,0,0,0,0,0,0,0,2,0,0,0,0,0,0,0,0,0,0,0,0,0,2,0,0,0,0,0,0,0,0,0,0,0,0,0,2,0,0,0,0,0,0,0,0,2,2,2,2,2,2,2,2,2,2,2,2,2,2,2,0,0,0,0,0,0,0,0,0,0,0,0,0,0,0,0,0,0,0,0,0,0,0,0,0,0,0,0,0,0,0,0],
"events":[
null,
{"id":1,"name":"Exit","note":"","pages":[{"conditions":{"actorId":1,"actorValid":false,"itemId":1,"itemValid":false,"selfSwitchCh":"A","selfSwitchValid":false,"switch1Id":1,"switch1Valid":false,"switch2Id":1,"switch2Valid":false,"variableId":1,"variableValid":false,"variableValue":0},"directionFix":false,"image":{"tileId":0,"characterName":"","direction":4,"pattern":1,"characterIndex":0},"list":[{"code":101,"indent":0,"parameters":["Voice_Expressions",0,0,2]},{"code":401,"indent":0,"parameters":["\\n<Willo>You should gather some information "]},{"code":401,"indent":0,"parameters":["before you leave. It could be useful in the"]},{"code":401,"indent":0,"parameters":["future."]},{"code":101,"indent":0,"parameters":["Meowpheus_Expressions",0,0,2]},{"code":401,"indent":0,"parameters":["\\n<Meowpheus>Yes, you're right."]},{"code":0,"indent":0,"parameters":[]}],"moveFrequency":3,"moveRoute":{"list":[{"code":0,"parameters":[]}],"repeat":true,"skippable":false,"wait":false},"moveSpeed":3,"moveType":0,"priorityType":1,"stepAnime":false,"through":false,"trigger":1,"walkAnime":false},{"conditions":{"actorId":1,"actorValid":false,"itemId":1,"itemValid":false,"selfSwitchCh":"A","selfSwitchValid":false,"switch1Id":17,"switch1Valid":true,"switch2Id":1,"switch2Valid":false,"variableId":1,"variableValid":false,"variableValue":0},"directionFix":false,"image":{"tileId":0,"characterName":"Dog_NPCS_Turnarounds","direction":4,"pattern":1,"characterIndex":1},"list":[{"code":0,"indent":0,"parameters":[]}],"moveFrequency":3,"moveRoute":{"list":[{"code":0,"parameters":[]}],"repeat":true,"skippable":false,"wait":false},"moveSpeed":3,"moveType":0,"priorityType":1,"stepAnime":false,"through":false,"trigger":0,"walkAnime":false},{"conditions":{"actorId":1,"actorValid":false,"itemId":1,"itemValid":false,"selfSwitchCh":"A","selfSwitchValid":false,"switch1Id":47,"switch1Valid":true,"switch2Id":17,"switch2Valid":true,"variableId":1,"variableValid":false,"variableValue":0},"directionFix":false,"image":{"characterIndex":0,"characterName":"","direction":2,"pattern":0,"tileId":0},"list":[{"code":221,"indent":0,"parameters":[]},{"code":250,"indent":0,"parameters":[{"name":"normal_steps","volume":100,"pitch":100,"pan":0}]},{"code":101,"indent":0,"parameters":["",0,1,1]},{"code":401,"indent":0,"parameters":[""]},{"code":401,"indent":0,"parameters":["<Center> Meowpheus returns to the Corso estate to"]},{"code":401,"indent":0,"parameters":["meet Barkulus."]},{"code":201,"indent":0,"parameters":[0,4,9,12,8,0]},{"code":0,"indent":0,"parameters":[]}],"moveFrequency":3,"moveRoute":{"list":[{"code":0,"parameters":[]}],"repeat":true,"skippable":false,"wait":false},"moveSpeed":3,"moveType":0,"priorityType":0,"stepAnime":false,"through":false,"trigger":1,"walkAnime":false}],"x":13,"y":4},
{"id":2,"name":"Exit","note":"","pages":[{"conditions":{"actorId":1,"actorValid":false,"itemId":1,"itemValid":false,"selfSwitchCh":"A","selfSwitchValid":false,"switch1Id":1,"switch1Valid":false,"switch2Id":1,"switch2Valid":false,"variableId":1,"variableValid":false,"variableValue":0},"directionFix":false,"image":{"characterIndex":0,"characterName":"","direction":2,"pattern":0,"tileId":0},"list":[{"code":101,"indent":0,"parameters":["Voice_Expressions",0,0,2]},{"code":401,"indent":0,"parameters":["\\n<Willo>You should gather some information "]},{"code":401,"indent":0,"parameters":["before you leave. It could be useful in the"]},{"code":401,"indent":0,"parameters":["future."]},{"code":101,"indent":0,"parameters":["Meowpheus_Expressions",0,0,2]},{"code":401,"indent":0,"parameters":["\\n<Meowpheus>Yes, you're right."]},{"code":0,"indent":0,"parameters":[]}],"moveFrequency":3,"moveRoute":{"list":[{"code":0,"parameters":[]}],"repeat":true,"skippable":false,"wait":false},"moveSpeed":3,"moveType":0,"priorityType":1,"stepAnime":false,"through":false,"trigger":1,"walkAnime":false},{"conditions":{"actorId":1,"actorValid":false,"itemId":1,"itemValid":false,"selfSwitchCh":"A","selfSwitchValid":false,"switch1Id":17,"switch1Valid":true,"switch2Id":1,"switch2Valid":false,"variableId":1,"variableValid":false,"variableValue":0},"directionFix":false,"image":{"tileId":0,"characterName":"Warden_Turnarounds","direction":4,"pattern":1,"characterIndex":0},"list":[{"code":101,"indent":0,"parameters":["Warden_Expressions",1,0,2]},{"code":401,"indent":0,"parameters":["\\n<Warden>What’s going on here? How did you get "]},{"code":401,"indent":0,"parameters":["out of your cell?"]},{"code":213,"indent":0,"parameters":[-1,1,true]},{"code":205,"indent":0,"parameters":[-1,{"list":[{"code":5,"indent":null},{"code":0}],"repeat":false,"skippable":true,"wait":true}]},{"code":505,"indent":0,"parameters":[{"code":5,"indent":null}]},{"code":205,"indent":0,"parameters":[-1,{"list":[{"code":5,"indent":null},{"code":0}],"repeat":false,"skippable":true,"wait":true}]},{"code":505,"indent":0,"parameters":[{"code":5,"indent":null}]},{"code":205,"indent":0,"parameters":[-1,{"list":[{"code":18,"indent":null},{"code":0}],"repeat":false,"skippable":false,"wait":true}]},{"code":505,"indent":0,"parameters":[{"code":18,"indent":null}]},{"code":213,"indent":0,"parameters":[0,5,false]},{"code":205,"indent":0,"parameters":[0,{"list":[{"code":2,"indent":null},{"code":2,"indent":null},{"code":2,"indent":null},{"code":2,"indent":null},{"code":0}],"repeat":false,"skippable":false,"wait":true}]},{"code":505,"indent":0,"parameters":[{"code":2,"indent":null}]},{"code":505,"indent":0,"parameters":[{"code":2,"indent":null}]},{"code":505,"indent":0,"parameters":[{"code":2,"indent":null}]},{"code":505,"indent":0,"parameters":[{"code":2,"indent":null}]},{"code":101,"indent":0,"parameters":["Meowpheus_Expressions",5,0,2]},{"code":401,"indent":0,"parameters":["\\n<Meowpheus>I need to leave. Please, get out of my "]},{"code":401,"indent":0,"parameters":["way. I don’t want to-"]},{"code":101,"indent":0,"parameters":["Warden_Expressions",0,0,2]},{"code":401,"indent":0,"parameters":["\\n<Warden>You don’t want to what? Change me? Like "]},{"code":401,"indent":0,"parameters":["you changed Lord Corso?"]},{"code":111,"indent":0,"parameters":[0,22,0]},{"code":101,"indent":1,"parameters":["Warden_Expressions",0,0,2]},{"code":401,"indent":1,"parameters":["\\n<Warden>I just returned from the Corso Estate. "]},{"code":401,"indent":1,"parameters":["Lord Corso politely requested that I drop "]},{"code":401,"indent":1,"parameters":["all charges against you and to free you "]},{"code":401,"indent":1,"parameters":["from prison."]},{"code":101,"indent":1,"parameters":["Warden_Expressions",0,0,2]},{"code":401,"indent":1,"parameters":["\\n<Warden>Lord Corso has never politely "]},{"code":401,"indent":1,"parameters":["requested anything...I don’t know what you "]},{"code":401,"indent":1,"parameters":["did. But that is not Lord Corso."]},{"code":0,"indent":1,"parameters":[]},{"code":412,"indent":0,"parameters":[]},{"code":111,"indent":0,"parameters":[0,22,1]},{"code":101,"indent":1,"parameters":["Warden_Expressions",0,0,2]},{"code":401,"indent":1,"parameters":["\\n<Warden>Lord Corso is in the hospital. He’s in "]},{"code":401,"indent":1,"parameters":["a padded room, strapped to a bed with a "]},{"code":401,"indent":1,"parameters":["muzzle over his face."]},{"code":101,"indent":1,"parameters":["Warden_Expressions",0,0,2]},{"code":401,"indent":1,"parameters":["\\n<Warden>He’s gone feral. Howling and screaming "]},{"code":401,"indent":1,"parameters":["about how he will personally eradicate "]},{"code":401,"indent":1,"parameters":["every single cat."]},{"code":0,"indent":1,"parameters":[]},{"code":412,"indent":0,"parameters":[]},{"code":101,"indent":0,"parameters":["Meowpheus_Expressions",6,0,2]},{"code":401,"indent":0,"parameters":["\\n<Meowpheus>Please, just let me pass. I must "]},{"code":401,"indent":0,"parameters":["save my family."]},{"code":101,"indent":0,"parameters":["Warden_Expressions",4,0,2]},{"code":401,"indent":0,"parameters":["\\n<Warden>Meowpheus, I can’t... I don’t like the "]},{"code":401,"indent":0,"parameters":["situation we’re in. Cats and Dogs...There "]},{"code":401,"indent":0,"parameters":["is no reason we should live like this."]},{"code":101,"indent":0,"parameters":["Warden_Expressions",4,0,2]},{"code":401,"indent":0,"parameters":["\\n<Warden>But if I help you, General Two Bones... "]},{"code":401,"indent":0,"parameters":["He’ll destroy everything I care about. "]},{"code":401,"indent":0,"parameters":["He’ll kill my daughter."]},{"code":101,"indent":0,"parameters":["Warden_Expressions",0,0,2]},{"code":401,"indent":0,"parameters":["\\n<Warden>Meowpheus, return to your cell "]},{"code":401,"indent":0,"parameters":["immediately and await your punishment."]},{"code":101,"indent":0,"parameters":["Voice_Expressions",1,0,2]},{"code":401,"indent":0,"parameters":["\\n<Willo>The warden is right. Two Bones will "]},{"code":401,"indent":0,"parameters":["slay him and his daughter if he frees you."]},{"code":101,"indent":0,"parameters":["Voice_Expressions",4,0,2]},{"code":401,"indent":0,"parameters":["\\n<Willo>He doesn’t have a choice, and neither "]},{"code":401,"indent":0,"parameters":["do you Meowpheus. You know what you need "]},{"code":401,"indent":0,"parameters":["to do."]},{"code":101,"indent":0,"parameters":["Meowpheus_Expressions",1,0,2]},{"code":401,"indent":0,"parameters":["\\n<Meowpheus>I... I understand. I’m sorry."]},{"code":225,"indent":0,"parameters":[5,5,60,false]},{"code":224,"indent":0,"parameters":[[119,51,255,170],120,false]},{"code":242,"indent":0,"parameters":[2]},{"code":241,"indent":0,"parameters":[{"name":"exploring dreams","volume":35,"pitch":100,"pan":0}]},{"code":221,"indent":0,"parameters":[]},{"code":230,"indent":0,"parameters":[60]},{"code":231,"indent":0,"parameters":[1,"SOS2InPart1",0,0,0,0,128,130,255,0]},{"code":222,"indent":0,"parameters":[]},{"code":230,"indent":0,"parameters":[160]},{"code":221,"indent":0,"parameters":[]},{"code":235,"indent":0,"parameters":[1]},{"code":231,"indent":0,"parameters":[1,"SOS2InPart2",0,0,0,0,128,130,255,0]},{"code":222,"indent":0,"parameters":[]},{"code":230,"indent":0,"parameters":[160]},{"code":221,"indent":0,"parameters":[]},{"code":235,"indent":0,"parameters":[1]},{"code":123,"indent":0,"parameters":["A",0]},{"code":242,"indent":0,"parameters":[2]},{"code":250,"indent":0,"parameters":[{"name":"sos_enter_and_exit","volume":35,"pitch":100,"pan":0}]},{"code":230,"indent":0,"parameters":[60]},{"code":201,"indent":0,"parameters":[0,11,12,43,8,0]},{"code":0,"indent":0,"parameters":[]}],"moveFrequency":3,"moveRoute":{"list":[{"code":0,"parameters":[]}],"repeat":true,"skippable":false,"wait":false},"moveSpeed":3,"moveType":3,"priorityType":1,"stepAnime":false,"through":false,"trigger":3,"walkAnime":true},{"conditions":{"actorId":1,"actorValid":false,"itemId":1,"itemValid":false,"selfSwitchCh":"A","selfSwitchValid":false,"switch1Id":47,"switch1Valid":true,"switch2Id":17,"switch2Valid":true,"variableId":1,"variableValid":false,"variableValue":0},"directionFix":false,"image":{"characterIndex":0,"characterName":"","direction":2,"pattern":0,"tileId":0},"list":[{"code":221,"indent":0,"parameters":[]},{"code":250,"indent":0,"parameters":[{"name":"normal_steps","volume":100,"pitch":100,"pan":0}]},{"code":101,"indent":0,"parameters":["",0,1,1]},{"code":401,"indent":0,"parameters":[""]},{"code":401,"indent":0,"parameters":["<Center> Meowpheus returns to the Corso estate to"]},{"code":401,"indent":0,"parameters":["meet Barkulus."]},{"code":201,"indent":0,"parameters":[0,4,9,12,8,0]},{"code":0,"indent":0,"parameters":[]}],"moveFrequency":3,"moveRoute":{"list":[{"code":0,"parameters":[]}],"repeat":true,"skippable":false,"wait":false},"moveSpeed":3,"moveType":0,"priorityType":1,"stepAnime":false,"through":false,"trigger":1,"walkAnime":false}],"x":13,"y":5},
{"id":3,"name":"EV003","note":"","pages":[{"conditions":{"actorId":1,"actorValid":false,"itemId":1,"itemValid":false,"selfSwitchCh":"A","selfSwitchValid":false,"switch1Id":1,"switch1Valid":false,"switch2Id":1,"switch2Valid":false,"variableId":1,"variableValid":false,"variableValue":0},"directionFix":false,"image":{"tileId":0,"characterName":"","direction":4,"pattern":1,"characterIndex":0},"list":[{"code":101,"indent":0,"parameters":["Voice_Expressions",0,0,2]},{"code":401,"indent":0,"parameters":["\\n<Willo>You should gather some information "]},{"code":401,"indent":0,"parameters":["before you leave. It could be useful in the"]},{"code":401,"indent":0,"parameters":["future."]},{"code":101,"indent":0,"parameters":["Meowpheus_Expressions",0,0,2]},{"code":401,"indent":0,"parameters":["\\n<Meowpheus>Yes, you're right."]},{"code":0,"indent":0,"parameters":[]}],"moveFrequency":3,"moveRoute":{"list":[{"code":0,"parameters":[]}],"repeat":true,"skippable":false,"wait":false},"moveSpeed":3,"moveType":0,"priorityType":1,"stepAnime":false,"through":false,"trigger":1,"walkAnime":false},{"conditions":{"actorId":1,"actorValid":false,"itemId":1,"itemValid":false,"selfSwitchCh":"A","selfSwitchValid":false,"switch1Id":17,"switch1Valid":true,"switch2Id":1,"switch2Valid":false,"variableId":1,"variableValid":false,"variableValue":0},"directionFix":false,"image":{"tileId":0,"characterName":"Dog_NPCS_Turnarounds","direction":4,"pattern":1,"characterIndex":0},"list":[{"code":0,"indent":0,"parameters":[]}],"moveFrequency":3,"moveRoute":{"list":[{"code":0,"parameters":[]}],"repeat":true,"skippable":false,"wait":false},"moveSpeed":3,"moveType":0,"priorityType":1,"stepAnime":false,"through":false,"trigger":0,"walkAnime":false},{"conditions":{"actorId":1,"actorValid":false,"itemId":1,"itemValid":false,"selfSwitchCh":"A","selfSwitchValid":false,"switch1Id":47,"switch1Valid":true,"switch2Id":17,"switch2Valid":true,"variableId":1,"variableValid":false,"variableValue":0},"directionFix":false,"image":{"characterIndex":0,"characterName":"","direction":2,"pattern":0,"tileId":0},"list":[{"code":221,"indent":0,"parameters":[]},{"code":250,"indent":0,"parameters":[{"name":"normal_steps","volume":100,"pitch":100,"pan":0}]},{"code":101,"indent":0,"parameters":["",0,1,1]},{"code":401,"indent":0,"parameters":[""]},{"code":401,"indent":0,"parameters":["<Center> Meowpheus returns to the Corso estate to"]},{"code":401,"indent":0,"parameters":["meet Barkulus."]},{"code":201,"indent":0,"parameters":[0,4,9,12,8,0]},{"code":0,"indent":0,"parameters":[]}],"moveFrequency":3,"moveRoute":{"list":[{"code":0,"parameters":[]}],"repeat":true,"skippable":false,"wait":false},"moveSpeed":3,"moveType":0,"priorityType":1,"stepAnime":false,"through":false,"trigger":1,"walkAnime":false}],"x":13,"y":6},
{"id":4,"name":"Warden’s Book of Poetry","note":"<NESフラッシュ対象:ON>","pages":[{"conditions":{"actorId":1,"actorValid":false,"itemId":1,"itemValid":false,"selfSwitchCh":"A","selfSwitchValid":false,"switch1Id":1,"switch1Valid":false,"switch2Id":1,"switch2Valid":false,"variableId":1,"variableValid":false,"variableValue":0},"directionFix":true,"image":{"tileId":312,"characterName":"","characterIndex":0,"direction":2,"pattern":0},"list":[{"code":101,"indent":0,"parameters":["",0,0,2]},{"code":401,"indent":0,"parameters":[""]},{"code":401,"indent":0,"parameters":["<Center>[Warden’s Book of Poetry]"]},{"code":101,"indent":0,"parameters":["",0,0,2]},{"code":401,"indent":0,"parameters":["Vibrant leaves drifting."]},{"code":401,"indent":0,"parameters":["Like sorrowful wind-swept tears."]},{"code":401,"indent":0,"parameters":["\\C[1]Wish\\C\\C[0]ing to be whole. "]},{"code":355,"indent":0,"parameters":["$gameNotepad.show(\"Warden'sPoetry\");"]},{"code":655,"indent":0,"parameters":["$gameNotepad.appendNoteByKey(\"Warden'sPoetry\", \"\", '\\\\fs[20]\"'+\"Vibrant leaves drifting.\\n Like sorrowful wind-swept tears.\\n \\\\C[1]Wish\\\\C\\\\C[0]ing to be whole. \"+'\"');"]},{"code":123,"indent":0,"parameters":["A",0]},{"code":0,"indent":0,"parameters":[]}],"moveFrequency":3,"moveRoute":{"list":[{"code":0,"parameters":[]}],"repeat":true,"skippable":false,"wait":false},"moveSpeed":3,"moveType":0,"priorityType":1,"stepAnime":false,"through":false,"trigger":0,"walkAnime":false},{"conditions":{"actorId":1,"actorValid":false,"itemId":1,"itemValid":false,"selfSwitchCh":"A","selfSwitchValid":true,"switch1Id":17,"switch1Valid":false,"switch2Id":1,"switch2Valid":false,"variableId":1,"variableValid":false,"variableValue":0},"directionFix":false,"image":{"tileId":312,"characterName":"","characterIndex":0,"direction":2,"pattern":0},"list":[{"code":101,"indent":0,"parameters":["",0,0,2]},{"code":401,"indent":0,"parameters":[""]},{"code":401,"indent":0,"parameters":["<Center>[Warden’s Book of Poetry]"]},{"code":101,"indent":0,"parameters":["",0,0,2]},{"code":401,"indent":0,"parameters":["Vibrant leaves drifting."]},{"code":401,"indent":0,"parameters":["Like sorrowful wind-swept tears."]},{"code":401,"indent":0,"parameters":["\\C[1]Wish\\C\\C[0]ing to be whole. "]},{"code":0,"indent":0,"parameters":[]}],"moveFrequency":3,"moveRoute":{"list":[{"code":0,"parameters":[]}],"repeat":true,"skippable":false,"wait":false},"moveSpeed":3,"moveType":0,"priorityType":1,"stepAnime":false,"through":false,"trigger":0,"walkAnime":false}],"x":4,"y":3},
{"id":5,"name":"Warden’s Journal","note":"<NESフラッシュ対象:ON>","pages":[{"conditions":{"actorId":1,"actorValid":false,"itemId":1,"itemValid":false,"selfSwitchCh":"A","selfSwitchValid":false,"switch1Id":1,"switch1Valid":false,"switch2Id":1,"switch2Valid":false,"variableId":1,"variableValid":false,"variableValue":0},"directionFix":true,"image":{"tileId":324,"characterName":"","characterIndex":0,"direction":2,"pattern":0},"list":[{"code":101,"indent":0,"parameters":["",0,0,2]},{"code":401,"indent":0,"parameters":[""]},{"code":401,"indent":0,"parameters":["<Center>[Warden’s Journal]"]},{"code":101,"indent":0,"parameters":["",0,0,2]},{"code":401,"indent":0,"parameters":["Aoovember 3. (Page 1)"]},{"code":401,"indent":0,"parameters":["Effy lost the ability to speak today. And yet, she "]},{"code":401,"indent":0,"parameters":["keeps smiling. And not the type of smile you wear when"]},{"code":401,"indent":0,"parameters":["you’re trying to make others feel better either "]},{"code":101,"indent":0,"parameters":["",0,0,2]},{"code":401,"indent":0,"parameters":["Aoovember 3. (Page 2)"]},{"code":401,"indent":0,"parameters":["She’s not worried about being \\C[18]sick\\C or how bad it is. "]},{"code":401,"indent":0,"parameters":["She’s only worried about me. She know that I can’t live "]},{"code":401,"indent":0,"parameters":["without her. "]},{"code":355,"indent":0,"parameters":["$gameNotepad.show(\"Warden'sJournal\");"]},{"code":655,"indent":0,"parameters":["$gameNotepad.appendNoteByKey(\"Warden'sJournal\", \"\", '\\\\fs[20]\"'+\"She’s not worried about being\\n \\\\C[18]sick\\\\C or how bad it is.\"+'\"');"]},{"code":123,"indent":0,"parameters":["A",0]},{"code":0,"indent":0,"parameters":[]}],"moveFrequency":3,"moveRoute":{"list":[{"code":0,"parameters":[]}],"repeat":true,"skippable":false,"wait":false},"moveSpeed":3,"moveType":0,"priorityType":1,"stepAnime":false,"through":false,"trigger":0,"walkAnime":false},{"conditions":{"actorId":1,"actorValid":false,"itemId":1,"itemValid":false,"selfSwitchCh":"A","selfSwitchValid":true,"switch1Id":17,"switch1Valid":false,"switch2Id":1,"switch2Valid":false,"variableId":1,"variableValid":false,"variableValue":0},"directionFix":false,"image":{"tileId":324,"characterName":"","characterIndex":0,"direction":2,"pattern":0},"list":[{"code":101,"indent":0,"parameters":["",0,0,2]},{"code":401,"indent":0,"parameters":[""]},{"code":401,"indent":0,"parameters":["<Center>[Warden’s Journal]"]},{"code":101,"indent":0,"parameters":["",0,0,2]},{"code":401,"indent":0,"parameters":["Aoovember 3. (Page 1)"]},{"code":401,"indent":0,"parameters":["Effy lost the ability to speak today. And yet, she "]},{"code":401,"indent":0,"parameters":["keeps smiling. And not the type of smile you wear when"]},{"code":401,"indent":0,"parameters":["you’re trying to make others feel better either "]},{"code":101,"indent":0,"parameters":["",0,0,2]},{"code":401,"indent":0,"parameters":["Aoovember 3. (Page 2)"]},{"code":401,"indent":0,"parameters":["She’s not worried about being \\C[18]sick\\C or how bad it is. "]},{"code":401,"indent":0,"parameters":["She’s only worried about me. She know that I can’t live "]},{"code":401,"indent":0,"parameters":["without her. "]},{"code":0,"indent":0,"parameters":[]}],"moveFrequency":3,"moveRoute":{"list":[{"code":0,"parameters":[]}],"repeat":true,"skippable":false,"wait":false},"moveSpeed":3,"moveType":0,"priorityType":1,"stepAnime":false,"through":false,"trigger":0,"walkAnime":false}],"x":5,"y":3},
{"id":6,"name":"Light","note":"","pages":[{"conditions":{"actorId":1,"actorValid":false,"itemId":1,"itemValid":false,"selfSwitchCh":"A","selfSwitchValid":false,"switch1Id":1,"switch1Valid":false,"switch2Id":1,"switch2Valid":false,"variableId":1,"variableValid":false,"variableValue":0},"directionFix":false,"image":{"tileId":0,"characterName":"!Flame","direction":6,"pattern":1,"characterIndex":0},"list":[{"code":108,"indent":0,"parameters":["[prisonLight]"]},{"code":0,"indent":0,"parameters":[]}],"moveFrequency":3,"moveRoute":{"list":[{"code":0,"parameters":[]}],"repeat":true,"skippable":false,"wait":false},"moveSpeed":3,"moveType":0,"priorityType":1,"stepAnime":true,"through":false,"trigger":0,"walkAnime":false}],"x":5,"y":2},
{"id":7,"name":"Light","note":"","pages":[{"conditions":{"actorId":1,"actorValid":false,"itemId":1,"itemValid":false,"selfSwitchCh":"A","selfSwitchValid":false,"switch1Id":1,"switch1Valid":false,"switch2Id":1,"switch2Valid":false,"variableId":1,"variableValid":false,"variableValue":0},"directionFix":false,"image":{"tileId":0,"characterName":"!Flame","direction":6,"pattern":1,"characterIndex":0},"list":[{"code":108,"indent":0,"parameters":["[prisonLight]"]},{"code":0,"indent":0,"parameters":[]}],"moveFrequency":3,"moveRoute":{"list":[{"code":0,"parameters":[]}],"repeat":true,"skippable":false,"wait":false},"moveSpeed":3,"moveType":0,"priorityType":1,"stepAnime":true,"through":false,"trigger":0,"walkAnime":false}],"x":9,"y":2},
{"id":8,"name":"BottomOfBookCase","note":"<NESフラッシュ対象:ON>","pages":[{"conditions":{"actorId":1,"actorValid":false,"itemId":1,"itemValid":false,"selfSwitchCh":"A","selfSwitchValid":false,"switch1Id":1,"switch1Valid":false,"switch2Id":1,"switch2Valid":false,"variableId":1,"variableValid":false,"variableValue":0},"directionFix":true,"image":{"tileId":77,"characterName":"","characterIndex":0,"direction":2,"pattern":0},"list":[{"code":101,"indent":0,"parameters":["",0,0,2]},{"code":401,"indent":0,"parameters":["Perusing the bookshelf, one title draws your attention. "]},{"code":401,"indent":0,"parameters":["\\fiDefying Your Superior Officer: Too Far Gone."]},{"code":101,"indent":0,"parameters":["Meowpheus_Expressions",2,0,2]},{"code":401,"indent":0,"parameters":["\\n<Meowpheus>A book about the moral dilemmas that "]},{"code":401,"indent":0,"parameters":["people face when they are ordered to do"]},{"code":401,"indent":0,"parameters":["something that they know is wrong."]},{"code":123,"indent":0,"parameters":["A",0]},{"code":0,"indent":0,"parameters":[]}],"moveFrequency":3,"moveRoute":{"list":[{"code":0,"parameters":[]}],"repeat":true,"skippable":false,"wait":false},"moveSpeed":3,"moveType":0,"priorityType":1,"stepAnime":false,"through":false,"trigger":0,"walkAnime":false},{"conditions":{"actorId":1,"actorValid":false,"itemId":1,"itemValid":false,"selfSwitchCh":"A","selfSwitchValid":true,"switch1Id":1,"switch1Valid":false,"switch2Id":1,"switch2Valid":false,"variableId":1,"variableValid":false,"variableValue":0},"directionFix":true,"image":{"tileId":77,"characterName":"","characterIndex":0,"direction":2,"pattern":0},"list":[{"code":101,"indent":0,"parameters":["",0,0,2]},{"code":401,"indent":0,"parameters":[""]},{"code":401,"indent":0,"parameters":["<Center>[Bookshelf 5]"]},{"code":101,"indent":0,"parameters":["",0,0,2]},{"code":401,"indent":0,"parameters":["Perusing the bookshelf, one title draws your attention. "]},{"code":401,"indent":0,"parameters":["\\fiDefying Your Superior Officer: too far Gone."]},{"code":0,"indent":0,"parameters":[]}],"moveFrequency":3,"moveRoute":{"list":[{"code":0,"parameters":[]}],"repeat":true,"skippable":false,"wait":false},"moveSpeed":3,"moveType":0,"priorityType":1,"stepAnime":false,"through":false,"trigger":0,"walkAnime":false}],"x":1,"y":3},
{"id":9,"name":"Meowphues' Report","note":"<NESフラッシュ対象:ON>","pages":[{"conditions":{"actorId":1,"actorValid":false,"itemId":1,"itemValid":false,"selfSwitchCh":"A","selfSwitchValid":false,"switch1Id":1,"switch1Valid":false,"switch2Id":1,"switch2Valid":false,"variableId":1,"variableValid":false,"variableValue":0},"directionFix":true,"image":{"tileId":328,"characterName":"","characterIndex":0,"direction":2,"pattern":0},"list":[{"code":101,"indent":0,"parameters":["Meowpheus_Expressions",2,0,2]},{"code":401,"indent":0,"parameters":["\\n<Meowpheus>What is this document?"]},{"code":101,"indent":0,"parameters":["",0,0,2]},{"code":401,"indent":0,"parameters":[""]},{"code":401,"indent":0,"parameters":["<Center>[Report on Meowpheus]"]},{"code":101,"indent":0,"parameters":["",0,0,2]},{"code":401,"indent":0,"parameters":["Physical assault against Lord "]},{"code":401,"indent":0,"parameters":["Corso... Unjustifiable... punishable crime..."]},{"code":123,"indent":0,"parameters":["A",0]},{"code":0,"indent":0,"parameters":[]}],"moveFrequency":3,"moveRoute":{"list":[{"code":0,"parameters":[]}],"repeat":true,"skippable":false,"wait":false},"moveSpeed":3,"moveType":0,"priorityType":1,"stepAnime":false,"through":false,"trigger":0,"walkAnime":false},{"conditions":{"actorId":1,"actorValid":false,"itemId":1,"itemValid":false,"selfSwitchCh":"A","selfSwitchValid":true,"switch1Id":17,"switch1Valid":false,"switch2Id":1,"switch2Valid":false,"variableId":1,"variableValid":false,"variableValue":0},"directionFix":false,"image":{"tileId":328,"characterName":"","characterIndex":0,"direction":2,"pattern":0},"list":[{"code":101,"indent":0,"parameters":["",0,0,2]},{"code":401,"indent":0,"parameters":[""]},{"code":401,"indent":0,"parameters":["<Center>[Report on Meowpheus]"]},{"code":101,"indent":0,"parameters":["",0,0,2]},{"code":401,"indent":0,"parameters":["Physical assault against Lord "]},{"code":401,"indent":0,"parameters":["Corso... Unjustifiable... punishable crime..."]},{"code":0,"indent":0,"parameters":[]}],"moveFrequency":3,"moveRoute":{"list":[{"code":0,"parameters":[]}],"repeat":true,"skippable":false,"wait":false},"moveSpeed":3,"moveType":0,"priorityType":1,"stepAnime":false,"through":false,"trigger":0,"walkAnime":false}],"x":2,"y":5},
{"id":10,"name":"Wait","note":"","pages":[{"conditions":{"actorId":1,"actorValid":false,"itemId":1,"itemValid":false,"selfSwitchCh":"A","selfSwitchValid":false,"switch1Id":1,"switch1Valid":false,"switch2Id":1,"switch2Valid":false,"variableId":1,"variableValid":false,"variableValue":0},"directionFix":false,"image":{"characterIndex":0,"characterName":"","direction":2,"pattern":0,"tileId":0},"list":[{"code":230,"indent":0,"parameters":[900]},{"code":230,"indent":0,"parameters":[900]},{"code":121,"indent":0,"parameters":[17,17,0]},{"code":123,"indent":0,"parameters":["A",0]},{"code":0,"indent":0,"parameters":[]}],"moveFrequency":3,"moveRoute":{"list":[{"code":0,"parameters":[]}],"repeat":true,"skippable":false,"wait":false},"moveSpeed":3,"moveType":0,"priorityType":1,"stepAnime":false,"through":false,"trigger":4,"walkAnime":false},{"conditions":{"actorId":1,"actorValid":false,"itemId":1,"itemValid":false,"selfSwitchCh":"A","selfSwitchValid":false,"switch1Id":47,"switch1Valid":true,"switch2Id":17,"switch2Valid":false,"variableId":1,"variableValid":false,"variableValue":0},"directionFix":false,"image":{"characterIndex":0,"characterName":"","direction":2,"pattern":0,"tileId":0},"list":[{"code":355,"indent":0,"parameters":["$gameLighting.setMapAmbient(\"#4d4d4d\")"]},{"code":222,"indent":0,"parameters":[]},{"code":101,"indent":0,"parameters":["Meowpheus_Expressions",3,0,2]},{"code":401,"indent":0,"parameters":["\\n<Meowpheus>What?! Where is the warden?"]},{"code":101,"indent":0,"parameters":["Voice_Expressions",1,0,2]},{"code":401,"indent":0,"parameters":["\\n<Willo>His two guards dragged him off before "]},{"code":401,"indent":0,"parameters":["you returned to the waking world. They "]},{"code":401,"indent":0,"parameters":["looked terrified!"]},{"code":101,"indent":0,"parameters":["Voice_Expressions",1,0,2]},{"code":401,"indent":0,"parameters":["\\n<Willo>Are you okay Meowpheus?"]},{"code":101,"indent":0,"parameters":["Meowpheus_Expressions",7,0,2]},{"code":401,"indent":0,"parameters":["\\n<Meowpheus>No..."]},{"code":101,"indent":0,"parameters":["Meowpheus_Expressions",7,0,2]},{"code":401,"indent":0,"parameters":["\\n<Meowpheus>But its like you said. I don’t have a "]},{"code":401,"indent":0,"parameters":["choice."]},{"code":214,"indent":0,"parameters":[]},{"code":0,"indent":0,"parameters":[]}],"moveFrequency":3,"moveRoute":{"list":[{"code":0,"parameters":[]}],"repeat":true,"skippable":false,"wait":false},"moveSpeed":3,"moveType":0,"priorityType":1,"stepAnime":false,"through":false,"trigger":3,"walkAnime":false}],"x":13,"y":0},
null,
null,
null,
{"id":14,"name":"BottomOfBookCase","note":"<NESフラッシュ対象:ON>","pages":[{"conditions":{"actorId":1,"actorValid":false,"itemId":1,"itemValid":false,"selfSwitchCh":"A","selfSwitchValid":false,"switch1Id":1,"switch1Valid":false,"switch2Id":1,"switch2Valid":false,"variableId":1,"variableValid":false,"variableValue":0},"directionFix":true,"image":{"tileId":76,"characterName":"","characterIndex":0,"direction":2,"pattern":0},"list":[{"code":101,"indent":0,"parameters":["",0,0,2]},{"code":401,"indent":0,"parameters":["There are some interesting titles on this shelf. \\fiSwipe "]},{"code":401,"indent":0,"parameters":["of Love, Steel Collars, Paradise Bound."]},{"code":101,"indent":0,"parameters":["Meowpheus_Expressions",2,0,2]},{"code":401,"indent":0,"parameters":["\\n<Meowpheus>These books have very interesting covers. "]},{"code":401,"indent":0,"parameters":["I’m going to have to read these later."]},{"code":123,"indent":0,"parameters":["A",0]},{"code":0,"indent":0,"parameters":[]}],"moveFrequency":3,"moveRoute":{"list":[{"code":0,"parameters":[]}],"repeat":true,"skippable":false,"wait":false},"moveSpeed":3,"moveType":0,"priorityType":1,"stepAnime":false,"through":false,"trigger":0,"walkAnime":false},{"conditions":{"actorId":1,"actorValid":false,"itemId":1,"itemValid":false,"selfSwitchCh":"A","selfSwitchValid":true,"switch1Id":1,"switch1Valid":false,"switch2Id":1,"switch2Valid":false,"variableId":1,"variableValid":false,"variableValue":0},"directionFix":true,"image":{"tileId":76,"characterName":"","characterIndex":0,"direction":2,"pattern":0},"list":[{"code":101,"indent":0,"parameters":["",0,0,2]},{"code":401,"indent":0,"parameters":[""]},{"code":401,"indent":0,"parameters":["<Center>[Bookshelf 4]"]},{"code":101,"indent":0,"parameters":["",0,0,2]},{"code":401,"indent":0,"parameters":["There are some interesting titles on this shelf. \\fiSwipe "]},{"code":401,"indent":0,"parameters":["of Love, Steel Collars, Paradise Bound."]},{"code":0,"indent":0,"parameters":[]}],"moveFrequency":3,"moveRoute":{"list":[{"code":0,"parameters":[]}],"repeat":true,"skippable":false,"wait":false},"moveSpeed":3,"moveType":0,"priorityType":1,"stepAnime":false,"through":false,"trigger":0,"walkAnime":false}],"x":3,"y":3},
{"id":15,"name":"BottomOfBookCase","note":"<NESフラッシュ対象:ON>","pages":[{"conditions":{"actorId":1,"actorValid":false,"itemId":1,"itemValid":false,"selfSwitchCh":"A","selfSwitchValid":false,"switch1Id":1,"switch1Valid":false,"switch2Id":1,"switch2Valid":false,"variableId":1,"variableValid":false,"variableValue":0},"directionFix":true,"image":{"tileId":77,"characterName":"","characterIndex":0,"direction":2,"pattern":0},"list":[{"code":101,"indent":0,"parameters":["",0,0,2]},{"code":401,"indent":0,"parameters":["A bookshelf full of young adult novels. \\fiTwilight’s "]},{"code":401,"indent":0,"parameters":["Howl, Bark at the Moon, Hairy Pawter\\fi. You find a folded "]},{"code":401,"indent":0,"parameters":["piece of paper between novels."]},{"code":101,"indent":0,"parameters":["",0,0,2]},{"code":401,"indent":0,"parameters":["The paper reads: “To my dearest Effy. I hope you and "]},{"code":401,"indent":0,"parameters":["your boundless imagination find joy in these novels.” "]},{"code":101,"indent":0,"parameters":["Meowpheus_Expressions",2,0,2]},{"code":401,"indent":0,"parameters":["\\n<Meowpheus>I wonder if the warden has read any "]},{"code":401,"indent":0,"parameters":["of these?"]},{"code":123,"indent":0,"parameters":["A",0]},{"code":0,"indent":0,"parameters":[]}],"moveFrequency":3,"moveRoute":{"list":[{"code":0,"parameters":[]}],"repeat":true,"skippable":false,"wait":false},"moveSpeed":3,"moveType":0,"priorityType":1,"stepAnime":false,"through":false,"trigger":0,"walkAnime":false},{"conditions":{"actorId":1,"actorValid":false,"itemId":1,"itemValid":false,"selfSwitchCh":"A","selfSwitchValid":true,"switch1Id":1,"switch1Valid":false,"switch2Id":1,"switch2Valid":false,"variableId":1,"variableValid":false,"variableValue":0},"directionFix":true,"image":{"tileId":77,"characterName":"","characterIndex":0,"direction":2,"pattern":0},"list":[{"code":101,"indent":0,"parameters":["",0,0,2]},{"code":401,"indent":0,"parameters":[""]},{"code":401,"indent":0,"parameters":["<Center>[Bookshelf 3]"]},{"code":101,"indent":0,"parameters":["",0,0,2]},{"code":401,"indent":0,"parameters":["A bookshelf full of young adult novels. \\fiTwilight’s "]},{"code":401,"indent":0,"parameters":["Howl, Bark at the Moon, Hairy Pawter\\fi. You find a folded "]},{"code":401,"indent":0,"parameters":["piece of paper between novels."]},{"code":101,"indent":0,"parameters":["",0,0,2]},{"code":401,"indent":0,"parameters":["The paper reads: “To my dearest Effy. I hope you and "]},{"code":401,"indent":0,"parameters":["your boundless imagination find joy in these novels.” "]},{"code":0,"indent":0,"parameters":[]}],"moveFrequency":3,"moveRoute":{"list":[{"code":0,"parameters":[]}],"repeat":true,"skippable":false,"wait":false},"moveSpeed":3,"moveType":0,"priorityType":1,"stepAnime":false,"through":false,"trigger":0,"walkAnime":false}],"x":6,"y":3},
{"id":16,"name":"BottomOfBookCase","note":"<NESフラッシュ対象:ON>","pages":[{"conditions":{"actorId":1,"actorValid":false,"itemId":1,"itemValid":false,"selfSwitchCh":"A","selfSwitchValid":false,"switch1Id":1,"switch1Valid":false,"switch2Id":1,"switch2Valid":false,"variableId":1,"variableValid":false,"variableValue":0},"directionFix":true,"image":{"tileId":76,"characterName":"","characterIndex":0,"direction":2,"pattern":0},"list":[{"code":101,"indent":0,"parameters":["",0,0,2]},{"code":401,"indent":0,"parameters":["Scanning the bookshelf, your eyes are drawn to three "]},{"code":401,"indent":0,"parameters":["titles. \\fiLiving with Loss, Letting Go of Those We Love, "]},{"code":401,"indent":0,"parameters":["Coping with Survivor’s Guilt."]},{"code":101,"indent":0,"parameters":["Meowpheus_Expressions",7,0,2]},{"code":401,"indent":0,"parameters":["\\n<Meowpheus>The warden must be in immense pain."]},{"code":123,"indent":0,"parameters":["A",0]},{"code":0,"indent":0,"parameters":[]}],"moveFrequency":3,"moveRoute":{"list":[{"code":0,"parameters":[]}],"repeat":true,"skippable":false,"wait":false},"moveSpeed":3,"moveType":0,"priorityType":1,"stepAnime":false,"through":false,"trigger":0,"walkAnime":false},{"conditions":{"actorId":1,"actorValid":false,"itemId":1,"itemValid":false,"selfSwitchCh":"A","selfSwitchValid":true,"switch1Id":1,"switch1Valid":false,"switch2Id":1,"switch2Valid":false,"variableId":1,"variableValid":false,"variableValue":0},"directionFix":true,"image":{"tileId":76,"characterName":"","characterIndex":0,"direction":2,"pattern":0},"list":[{"code":101,"indent":0,"parameters":["",0,0,2]},{"code":401,"indent":0,"parameters":[""]},{"code":401,"indent":0,"parameters":["<Center>[Bookshelf 2]"]},{"code":101,"indent":0,"parameters":["",0,0,2]},{"code":401,"indent":0,"parameters":["Scanning the bookshelf, your eyes are drawn to three "]},{"code":401,"indent":0,"parameters":["titles. \\fiLiving with Loss, Letting go of Those we Love, "]},{"code":401,"indent":0,"parameters":["Coping with Survivor’s guilt\\fi."]},{"code":0,"indent":0,"parameters":[]}],"moveFrequency":3,"moveRoute":{"list":[{"code":0,"parameters":[]}],"repeat":true,"skippable":false,"wait":false},"moveSpeed":3,"moveType":0,"priorityType":1,"stepAnime":false,"through":false,"trigger":0,"walkAnime":false}],"x":7,"y":3},
{"id":17,"name":"BottomOfBookCase","note":"<NESフラッシュ対象:ON>","pages":[{"conditions":{"actorId":1,"actorValid":false,"itemId":1,"itemValid":false,"selfSwitchCh":"A","selfSwitchValid":false,"switch1Id":1,"switch1Valid":false,"switch2Id":1,"switch2Valid":false,"variableId":1,"variableValid":false,"variableValue":0},"directionFix":true,"image":{"tileId":77,"characterName":"","characterIndex":0,"direction":2,"pattern":0},"list":[{"code":101,"indent":0,"parameters":["",0,0,2]},{"code":401,"indent":0,"parameters":["There are numerous books on ethical dilemmas. \\fiLiving "]},{"code":401,"indent":0,"parameters":["with the Guilt of Staying Silent, Ethical Paradoxes, "]},{"code":401,"indent":0,"parameters":["Fearing “the Other”. "]},{"code":101,"indent":0,"parameters":["Meowpheus_Expressions",2,0,2]},{"code":401,"indent":0,"parameters":["\\n<Meowpheus>These sound very complicated. "]},{"code":401,"indent":0,"parameters":["Does the warden feel guilty?"]},{"code":123,"indent":0,"parameters":["A",0]},{"code":0,"indent":0,"parameters":[]}],"moveFrequency":3,"moveRoute":{"list":[{"code":0,"parameters":[]}],"repeat":true,"skippable":false,"wait":false},"moveSpeed":3,"moveType":0,"priorityType":1,"stepAnime":false,"through":false,"trigger":0,"walkAnime":false},{"conditions":{"actorId":1,"actorValid":false,"itemId":1,"itemValid":false,"selfSwitchCh":"A","selfSwitchValid":true,"switch1Id":1,"switch1Valid":false,"switch2Id":1,"switch2Valid":false,"variableId":1,"variableValid":false,"variableValue":0},"directionFix":true,"image":{"tileId":77,"characterName":"","characterIndex":0,"direction":2,"pattern":0},"list":[{"code":101,"indent":0,"parameters":["",0,0,2]},{"code":401,"indent":0,"parameters":[""]},{"code":401,"indent":0,"parameters":["<Center>[Bookshelf 1]"]},{"code":101,"indent":0,"parameters":["",0,0,2]},{"code":401,"indent":0,"parameters":["There are numerous books on ethical dilemmas. \\fiLiving "]},{"code":401,"indent":0,"parameters":["with the Guilt of Staying Silent, Ethical Paradoxes, "]},{"code":401,"indent":0,"parameters":["Fearing “the Other”\\fi. "]},{"code":0,"indent":0,"parameters":[]}],"moveFrequency":3,"moveRoute":{"list":[{"code":0,"parameters":[]}],"repeat":true,"skippable":false,"wait":false},"moveSpeed":3,"moveType":0,"priorityType":1,"stepAnime":false,"through":false,"trigger":0,"walkAnime":false}],"x":8,"y":3}
]
}