{
"autoplayBgm":true,"autoplayBgs":false,"battleback1Name":"","battleback2Name":"","bgm":{"name":"a_quaint_life","pan":0,"pitch":100,"volume":90},"bgs":{"name":"","pan":0,"pitch":100,"volume":90},"disableDashing":false,"displayName":"Bakery","encounterList":[],"encounterStep":30,"height":11,"note":"","parallaxLoopX":false,"parallaxLoopY":false,"parallaxName":"","parallaxShow":true,"parallaxSx":0,"parallaxSy":0,"scrollType":0,"specifyBattleback":false,"tilesetId":7,"width":10,
"data":[6708,6732,6732,6732,6732,6732,6732,6732,6732,6712,6728,7090,7090,7090,7090,7090,7090,7090,7090,6720,6728,7096,7096,7096,7096,7096,7096,7096,7096,6720,6728,1596,1596,1596,1596,1596,1596,1596,1596,6720,6728,1596,1596,1596,1596,1596,1596,1596,1596,6720,6728,1596,1596,1596,1596,1596,1596,1596,1596,6720,6728,1596,1596,1596,1596,1596,1596,1596,1596,6720,6728,1596,1596,1596,1596,1596,1596,1596,1596,6720,6728,1596,1596,1596,1596,1596,1596,1596,1596,6720,6734,6737,6737,6749,1596,6747,6737,6737,6737,6733,1607,1607,1607,1607,1607,1607,1607,1607,1607,1607,0,0,0,0,0,0,0,0,0,0,0,0,0,0,0,0,0,0,0,0,0,0,0,0,0,0,0,0,0,0,0,0,0,0,3578,0,0,0,3578,0,0,3579,3569,3569,3575,0,0,0,3568,0,0,0,0,0,0,0,0,0,3568,0,0,0,4338,4324,4340,0,0,0,3568,0,0,0,4344,4332,4342,0,0,0,3580,0,0,0,0,0,0,0,0,0,0,0,0,0,0,0,0,0,0,0,0,0,0,0,0,0,0,0,0,0,0,0,0,0,0,0,0,0,0,0,0,0,0,0,0,0,0,0,0,0,0,0,0,0,0,0,0,0,239,0,0,0,0,0,0,0,0,0,0,0,0,0,0,0,0,0,0,0,0,0,280,0,0,0,0,0,0,0,0,0,0,0,0,0,280,0,296,0,0,0,0,0,0,0,0,0,0,0,0,0,0,0,0,0,0,0,0,0,0,0,0,0,0,0,0,0,0,0,0,0,0,0,0,0,0,0,0,0,0,0,0,0,0,0,0,0,0,0,0,0,0,0,0,209,0,0,231,0,0,231,209,0,0,217,0,0,239,49,50,239,217,0,0,0,288,0,309,57,58,0,0,0,0,0,296,0,0,0,0,0,290,0,0,0,0,0,288,0,0,0,298,0,0,0,288,0,289,0,0,0,288,0,0,0,296,0,297,0,0,0,296,0,0,0,0,0,0,0,0,192,193,0,0,0,0,0,0,0,0,0,0,0,0,0,0,0,0,0,0,0,0,0,0,0,0,0,0,0,0,0,0,0,0,0,0,0,0,0,0,0,0,0,0,0,0,0,0,0,0,0,0,0,0,5,0,0,0,0,0,0,0,0,0,5,0,0,0,0,0,0,0,0,0,5,0,0,0,0,0,0,0,0,0,5,0,0,0,0,0,0,0,0,0,5,0,0,0,0,0,0,0,0,0,5,0,0,0,0,0,0,0,0,0,0,0,0,0,0,0,0,0,0,0,0,0,0,0,0,0,0,0,0,0,0,0,0,0,0,0,0,0,0,0,0,0,0,0,0,0,0,0,0,0,0,0,0,0,0,0,0,0,0,0,0,0,0,0,0,0,0,0,0,0,0,0,0,0,0,0,0,0,0,0,0,0,0,0,0,0,0,0,0,0,0,0,0,0,0,0,0,0,0,0,0,0,0,0,0,0,0,0,0,0,0,0,0,0,0,0,0,0,0,0,0,0,0,0,0,0,0,0,0,0,0,0,0,0,0,0,0,0,0],
"events":[
null,
{"id":1,"name":"Exit To Corso Estate","note":"","pages":[{"conditions":{"actorId":1,"actorValid":false,"itemId":1,"itemValid":false,"selfSwitchCh":"A","selfSwitchValid":false,"switch1Id":8,"switch1Valid":false,"switch2Id":1,"switch2Valid":false,"variableId":1,"variableValid":false,"variableValue":0},"directionFix":false,"image":{"tileId":0,"characterName":"","direction":2,"pattern":0,"characterIndex":0},"list":[{"code":101,"indent":0,"parameters":["Meowpheus_Expressions",3,0,2]},{"code":401,"indent":0,"parameters":["\\n<Meowpheus>What am I doing? I can't forget the cookies!"]},{"code":0,"indent":0,"parameters":[]}],"moveFrequency":3,"moveRoute":{"list":[{"code":0,"parameters":[]}],"repeat":true,"skippable":false,"wait":false},"moveSpeed":3,"moveType":0,"priorityType":1,"stepAnime":false,"through":true,"trigger":1,"walkAnime":false},{"conditions":{"actorId":1,"actorValid":false,"itemId":1,"itemValid":false,"selfSwitchCh":"A","selfSwitchValid":false,"switch1Id":8,"switch1Valid":true,"switch2Id":1,"switch2Valid":false,"variableId":1,"variableValid":false,"variableValue":0},"directionFix":false,"image":{"tileId":0,"characterName":"","direction":2,"pattern":0,"characterIndex":0},"list":[{"code":101,"indent":0,"parameters":["",0,1,1]},{"code":401,"indent":0,"parameters":["<Center>\"Door Sound Effect\""]},{"code":221,"indent":0,"parameters":[]},{"code":250,"indent":0,"parameters":[{"name":"normal_steps","volume":65,"pitch":100,"pan":0}]},{"code":250,"indent":0,"parameters":[{"name":"normal_steps","volume":65,"pitch":100,"pan":0}]},{"code":101,"indent":0,"parameters":["",0,1,1]},{"code":401,"indent":0,"parameters":[""]},{"code":401,"indent":0,"parameters":["<Center>Walking back to the Corso estate.\\|\\^"]},{"code":201,"indent":0,"parameters":[0,3,9,12,8,0]},{"code":0,"indent":0,"parameters":[]}],"moveFrequency":3,"moveRoute":{"list":[{"code":0,"parameters":[]}],"repeat":true,"skippable":false,"wait":false},"moveSpeed":3,"moveType":0,"priorityType":1,"stepAnime":false,"through":true,"trigger":1,"walkAnime":false},{"conditions":{"actorId":1,"actorValid":false,"itemId":1,"itemValid":false,"selfSwitchCh":"A","selfSwitchValid":false,"switch1Id":8,"switch1Valid":true,"switch2Id":6,"switch2Valid":true,"variableId":1,"variableValid":false,"variableValue":0},"directionFix":false,"image":{"tileId":0,"characterName":"","direction":2,"pattern":0,"characterIndex":0},"list":[{"code":230,"indent":0,"parameters":[30]},{"code":211,"indent":0,"parameters":[0]},{"code":101,"indent":0,"parameters":["",0,1,1]},{"code":401,"indent":0,"parameters":["<Center>\"Door Sound Effect\""]},{"code":101,"indent":0,"parameters":["CorsoHenzenExpresssion",5,0,2]},{"code":401,"indent":0,"parameters":["\\n<Hetzen>Would you like a cookie?"]},{"code":205,"indent":0,"parameters":[5,{"list":[{"code":1,"indent":null},{"code":2,"indent":null},{"code":2,"indent":null},{"code":2,"indent":null},{"code":19,"indent":null},{"code":0}],"repeat":false,"skippable":false,"wait":true}]},{"code":505,"indent":0,"parameters":[{"code":1,"indent":null}]},{"code":505,"indent":0,"parameters":[{"code":2,"indent":null}]},{"code":505,"indent":0,"parameters":[{"code":2,"indent":null}]},{"code":505,"indent":0,"parameters":[{"code":2,"indent":null}]},{"code":505,"indent":0,"parameters":[{"code":19,"indent":null}]},{"code":101,"indent":0,"parameters":["Cat_NPCS_Expressions",2,0,2]},{"code":401,"indent":0,"parameters":["\\n<Little Cat>My master won’t buy me a treat. "]},{"code":401,"indent":0,"parameters":["He says I’m a bad \\C[18]cat\\C\\C[0]. Only good "]},{"code":401,"indent":0,"parameters":["girls get cookies."]},{"code":355,"indent":0,"parameters":["$gameNotepad.show(\"LittleCat\");"]},{"code":655,"indent":0,"parameters":["$gameNotepad.appendNoteByKey(\"LittleCat\", \"\", '\\\\}\"'+\"My master won’t buy me a treat. \\n He says I’m a bad \\\\C[18]cat\\\\C\\\\C[0]. Only good \\n girls get cookies.\"+'\"');"]},{"code":101,"indent":0,"parameters":["CorsoHenzenExpresssion",4,0,2]},{"code":401,"indent":0,"parameters":["\\n<Hetzen>He is wrong."]},{"code":101,"indent":0,"parameters":["CorsoHenzenExpresssion",5,0,2]},{"code":401,"indent":0,"parameters":["\\n<Hetzen>You’re a good girl."]},{"code":101,"indent":0,"parameters":["",0,0,2]},{"code":401,"indent":0,"parameters":[""]},{"code":401,"indent":0,"parameters":["<Center>Hetzen gives the little cat a cookie."]},{"code":101,"indent":0,"parameters":["Cat_NPCS_Expressions",0,0,2]},{"code":401,"indent":0,"parameters":["\\n<Little Cat>Really? for me!? Thank you!"]},{"code":101,"indent":0,"parameters":["CorsoHenzenExpresssion",5,0,2]},{"code":401,"indent":0,"parameters":["\\n<Hetzen>Eat it before you get home... and "]},{"code":401,"indent":0,"parameters":["don’t tell anyone. Okay?"]},{"code":213,"indent":0,"parameters":[5,4,true]},{"code":221,"indent":0,"parameters":[]},{"code":250,"indent":0,"parameters":[{"name":"Move1","volume":65,"pitch":100,"pan":0}]},{"code":250,"indent":0,"parameters":[{"name":"Move1","volume":65,"pitch":100,"pan":0}]},{"code":101,"indent":0,"parameters":["",0,1,1]},{"code":401,"indent":0,"parameters":[""]},{"code":401,"indent":0,"parameters":["<Center>Walking back to Corso estate.\\|\\^"]},{"code":201,"indent":0,"parameters":[0,3,9,12,8,0]},{"code":0,"indent":0,"parameters":[]}],"moveFrequency":3,"moveRoute":{"list":[{"code":0,"parameters":[]}],"repeat":true,"skippable":false,"wait":false},"moveSpeed":3,"moveType":0,"priorityType":1,"stepAnime":false,"through":true,"trigger":1,"walkAnime":false}],"x":4,"y":10},
{"id":2,"name":"Run When Player Enters","note":"","pages":[{"conditions":{"actorId":1,"actorValid":false,"itemId":1,"itemValid":false,"selfSwitchCh":"A","selfSwitchValid":false,"switch1Id":1,"switch1Valid":false,"switch2Id":1,"switch2Valid":false,"variableId":1,"variableValid":false,"variableValue":0},"directionFix":false,"image":{"tileId":0,"characterName":"","direction":2,"pattern":0,"characterIndex":0},"list":[{"code":222,"indent":0,"parameters":[]},{"code":101,"indent":0,"parameters":["CorsoHenzenExpresssion",3,0,2]},{"code":401,"indent":0,"parameters":["\\n<Hetzen>I... I don’t know what to say Bichon. "]},{"code":401,"indent":0,"parameters":["I’m so sorry."]},{"code":101,"indent":0,"parameters":["Warden_Expressions",4,0,2]},{"code":401,"indent":0,"parameters":["\\n<Warden B>How can I refuse my daughter’s last \\C[1]wish\\C\\C[0]?"]},{"code":355,"indent":0,"parameters":["$gameNotepad.show(\"WardenB\");"]},{"code":655,"indent":0,"parameters":["$gameNotepad.appendNoteByKey(\"WardenB\", \"\", '\\\\}\"'+\"How can I refuse my daughter’s last \\\\C[1]wish\\\\C\\\\C[0]?\"+'\"');"]},{"code":101,"indent":0,"parameters":["CorsoHenzenExpresssion",4,0,2]},{"code":401,"indent":0,"parameters":["\\n<Hetzen>Your daughter knows how much you loved "]},{"code":401,"indent":0,"parameters":["baking with her. She’s trying to take care "]},{"code":401,"indent":0,"parameters":["of you. She wants you to be happy. "]},{"code":101,"indent":0,"parameters":["Warden_Expressions",4,0,2]},{"code":401,"indent":0,"parameters":["\\n<Warden B>But that is my job Hetzen. She is my baby. "]},{"code":101,"indent":0,"parameters":["Warden_Expressions",4,0,2]},{"code":401,"indent":0,"parameters":["\\n<Warden B>I’m sorry, I should get back to the prison."]},{"code":101,"indent":0,"parameters":["CorsoHenzenExpresssion",5,0,2]},{"code":401,"indent":0,"parameters":["\\n<Hetzen>I know you’re the warden Bichon, but you "]},{"code":401,"indent":0,"parameters":["don’t have to \\C[18]lock\\C your feelings away in a"]},{"code":401,"indent":0,"parameters":["deep, dark cell."]},{"code":355,"indent":0,"parameters":["$gameNotepad.show(\"Hetzen\");"]},{"code":655,"indent":0,"parameters":["$gameNotepad.appendNoteByKey(\"Hetzen\", \"\", '\\\\}\"'+\"I know you’re the warden Bichon, but you \\n don’t have to \\\\C[18]lock\\\\C your feelings away \\n in a deep, dark cell.\"+'\"');"]},{"code":101,"indent":0,"parameters":["",2,0,2]},{"code":401,"indent":0,"parameters":[""]},{"code":401,"indent":0,"parameters":["<Center>Warden B. laughs loudly."]},{"code":101,"indent":0,"parameters":["Warden_Expressions",2,0,2]},{"code":401,"indent":0,"parameters":["\\n<Warden B>Thank you, I needed that laugh."]},{"code":101,"indent":0,"parameters":["CorsoHenzenExpresssion",5,0,2]},{"code":401,"indent":0,"parameters":["\\n<Hetzen>It is okay to \\C[1]cry\\C Bichon. "]},{"code":401,"indent":0,"parameters":["It is okay to feel. "]},{"code":355,"indent":0,"parameters":["$gameNotepad.appendNoteByKey(\"Hetzen\", \"\",'\\\\}\"'+\"It is okay to \\\\C[1]cry\\\\C Bichon. It is okay to feel. \"+'\"');"]},{"code":101,"indent":0,"parameters":["Warden_Expressions",2,0,2]},{"code":401,"indent":0,"parameters":["\\n<Warden B>Take care Hetzen, I’ll see you tomorrow."]},{"code":205,"indent":0,"parameters":[3,{"list":[{"code":2,"indent":null},{"code":2,"indent":null},{"code":1,"indent":null},{"code":1,"indent":null},{"code":1,"indent":null},{"code":3,"indent":null},{"code":3,"indent":null},{"code":0}],"repeat":false,"skippable":false,"wait":true}]},{"code":505,"indent":0,"parameters":[{"code":2,"indent":null}]},{"code":505,"indent":0,"parameters":[{"code":2,"indent":null}]},{"code":505,"indent":0,"parameters":[{"code":1,"indent":null}]},{"code":505,"indent":0,"parameters":[{"code":1,"indent":null}]},{"code":505,"indent":0,"parameters":[{"code":1,"indent":null}]},{"code":505,"indent":0,"parameters":[{"code":3,"indent":null}]},{"code":505,"indent":0,"parameters":[{"code":3,"indent":null}]},{"code":205,"indent":0,"parameters":[-1,{"list":[{"code":17,"indent":null},{"code":0}],"repeat":false,"skippable":false,"wait":true}]},{"code":505,"indent":0,"parameters":[{"code":17,"indent":null}]},{"code":213,"indent":0,"parameters":[3,8,false]},{"code":213,"indent":0,"parameters":[-1,8,true]},{"code":205,"indent":0,"parameters":[3,{"list":[{"code":3,"indent":null},{"code":1,"indent":null},{"code":0}],"repeat":false,"skippable":false,"wait":true}]},{"code":505,"indent":0,"parameters":[{"code":3,"indent":null}]},{"code":505,"indent":0,"parameters":[{"code":1,"indent":null}]},{"code":101,"indent":0,"parameters":["",0,1,1]},{"code":401,"indent":0,"parameters":["<Center>\"Door Sound Effect\""]},{"code":121,"indent":0,"parameters":[7,7,0]},{"code":123,"indent":0,"parameters":["A",0]},{"code":0,"indent":0,"parameters":[]}],"moveFrequency":3,"moveRoute":{"list":[{"code":0,"parameters":[]}],"repeat":true,"skippable":false,"wait":false},"moveSpeed":3,"moveType":0,"priorityType":0,"stepAnime":false,"through":false,"trigger":3,"walkAnime":true},{"conditions":{"actorId":1,"actorValid":false,"itemId":1,"itemValid":false,"selfSwitchCh":"A","selfSwitchValid":true,"switch1Id":1,"switch1Valid":false,"switch2Id":1,"switch2Valid":false,"variableId":1,"variableValid":false,"variableValue":0},"directionFix":false,"image":{"characterIndex":0,"characterName":"","direction":2,"pattern":0,"tileId":0},"list":[{"code":0,"indent":0,"parameters":[]}],"moveFrequency":3,"moveRoute":{"list":[{"code":0,"parameters":[]}],"repeat":true,"skippable":false,"wait":false},"moveSpeed":3,"moveType":0,"priorityType":0,"stepAnime":false,"through":false,"trigger":0,"walkAnime":true}],"x":9,"y":0},
{"id":3,"name":"Warden B","note":"","pages":[{"conditions":{"actorId":1,"actorValid":false,"itemId":1,"itemValid":false,"selfSwitchCh":"A","selfSwitchValid":false,"switch1Id":1,"switch1Valid":false,"switch2Id":1,"switch2Valid":false,"variableId":1,"variableValid":false,"variableValue":0},"directionFix":false,"image":{"tileId":0,"characterName":"Warden_Turnarounds","direction":8,"pattern":1,"characterIndex":0},"list":[{"code":0,"indent":0,"parameters":[]}],"moveFrequency":3,"moveRoute":{"list":[{"code":0,"parameters":[]}],"repeat":true,"skippable":false,"wait":false},"moveSpeed":4,"moveType":0,"priorityType":1,"stepAnime":false,"through":false,"trigger":0,"walkAnime":true},{"conditions":{"actorId":1,"actorValid":false,"itemId":1,"itemValid":false,"selfSwitchCh":"A","selfSwitchValid":false,"switch1Id":7,"switch1Valid":true,"switch2Id":1,"switch2Valid":false,"variableId":1,"variableValid":false,"variableValue":0},"directionFix":false,"image":{"characterIndex":0,"characterName":"","direction":2,"pattern":0,"tileId":0},"list":[{"code":0,"indent":0,"parameters":[]}],"moveFrequency":3,"moveRoute":{"list":[{"code":0,"parameters":[]}],"repeat":true,"skippable":false,"wait":false},"moveSpeed":3,"moveType":0,"priorityType":0,"stepAnime":false,"through":false,"trigger":0,"walkAnime":true}],"x":3,"y":5},
{"id":4,"name":"Hetzen","note":"","pages":[{"conditions":{"actorId":1,"actorValid":false,"itemId":1,"itemValid":false,"selfSwitchCh":"A","selfSwitchValid":false,"switch1Id":1,"switch1Valid":false,"switch2Id":1,"switch2Valid":false,"variableId":1,"variableValid":false,"variableValue":0},"directionFix":false,"image":{"tileId":0,"characterName":"Main_Characters_Turnaround","direction":2,"pattern":1,"characterIndex":1},"list":[{"code":101,"indent":0,"parameters":["CorsoHenzenExpresssion",5,0,2]},{"code":401,"indent":0,"parameters":["\\n<Hetzen>Hello Meowpheus."]},{"code":101,"indent":0,"parameters":["Voice_Expressions",1,0,2]},{"code":401,"indent":0,"parameters":["\\n<Voice in Head>You deserve so much better..."]},{"code":101,"indent":0,"parameters":["Meowpheus_Expressions",2,0,2]},{"code":401,"indent":0,"parameters":["\\n<Meowpheus>Wait, what? What was that?"]},{"code":101,"indent":0,"parameters":["CorsoHenzenExpresssion",4,0,2]},{"code":401,"indent":0,"parameters":["\\n<Hetzen>I said hello Meowpheus!"]},{"code":101,"indent":0,"parameters":["CorsoHenzenExpresssion",4,0,2]},{"code":401,"indent":0,"parameters":["\\n<Hetzen>One dozen blueberry and pork cookies, "]},{"code":401,"indent":0,"parameters":["as Lord Corso ordered."]},{"code":101,"indent":0,"parameters":["Voice_Expressions",1,0,2]},{"code":401,"indent":0,"parameters":["\\n<Voice in Head>You could be so much more than a slave."]},{"code":101,"indent":0,"parameters":["Meowpheus_Expressions",2,0,2]},{"code":401,"indent":0,"parameters":["\\n<Mewohpeus>What... oh, sorry Hetzen. Thank you."]},{"code":101,"indent":0,"parameters":["CorsoHenzenExpresssion",3,0,2]},{"code":401,"indent":0,"parameters":["\\n<Hetzen>Are you okay Meowpheus?"]},{"code":101,"indent":0,"parameters":["Meowpheus_Expressions",4,0,2]},{"code":401,"indent":0,"parameters":["\\n<Mewohpeus>I am okay, I am just very tired."]},{"code":355,"indent":0,"parameters":["$gameNotepad.hide(\"Quest2\");"]},{"code":655,"indent":0,"parameters":["$gameNotepad.show(\"Quest3\");"]},{"code":101,"indent":0,"parameters":["",0,1,1]},{"code":401,"indent":0,"parameters":["<CENTER> \\C[24] New Quest\\C"]},{"code":401,"indent":0,"parameters":["Return to Lord Corso."]},{"code":123,"indent":0,"parameters":["A",0]},{"code":121,"indent":0,"parameters":[8,8,0]},{"code":0,"indent":0,"parameters":[]}],"moveFrequency":3,"moveRoute":{"list":[{"code":0,"parameters":[]}],"repeat":true,"skippable":false,"wait":false},"moveSpeed":3,"moveType":0,"priorityType":1,"stepAnime":false,"through":false,"trigger":0,"walkAnime":false},{"conditions":{"actorId":1,"actorValid":false,"itemId":1,"itemValid":false,"selfSwitchCh":"A","selfSwitchValid":true,"switch1Id":1,"switch1Valid":false,"switch2Id":1,"switch2Valid":false,"variableId":1,"variableValid":false,"variableValue":0},"directionFix":false,"image":{"tileId":0,"characterName":"Main_Characters_Turnaround","direction":2,"pattern":1,"characterIndex":1},"list":[{"code":101,"indent":0,"parameters":["CorsoHenzenExpresssion",3,0,2]},{"code":401,"indent":0,"parameters":["\\n<Hetzen>I wonder why Lord Corso placed such a "]},{"code":401,"indent":0,"parameters":["strange order? He hates cookies."]},{"code":0,"indent":0,"parameters":[]}],"moveFrequency":3,"moveRoute":{"list":[{"code":0,"parameters":[]}],"repeat":true,"skippable":false,"wait":false},"moveSpeed":3,"moveType":0,"priorityType":1,"stepAnime":false,"through":false,"trigger":0,"walkAnime":false}],"x":3,"y":3},
{"id":5,"name":"Little Cat","note":"","pages":[{"conditions":{"actorId":1,"actorValid":false,"itemId":1,"itemValid":false,"selfSwitchCh":"A","selfSwitchValid":false,"switch1Id":1,"switch1Valid":false,"switch2Id":1,"switch2Valid":false,"variableId":1,"variableValid":false,"variableValue":0},"directionFix":true,"image":{"tileId":0,"characterName":"Cat_NPCS_Turnarounds","direction":8,"pattern":1,"characterIndex":1},"list":[{"code":205,"indent":0,"parameters":[0,{"list":[{"code":25,"indent":null},{"code":0}],"repeat":false,"skippable":false,"wait":true}]},{"code":505,"indent":0,"parameters":[{"code":25,"indent":null}]},{"code":101,"indent":0,"parameters":["Cat_NPCS_Expressions",0,0,2]},{"code":401,"indent":0,"parameters":["\\n<Little Cat>These cookies look so tasty!"]},{"code":121,"indent":0,"parameters":[6,6,0]},{"code":0,"indent":0,"parameters":[]}],"moveFrequency":3,"moveRoute":{"list":[{"code":0,"parameters":[]}],"repeat":true,"skippable":false,"wait":false},"moveSpeed":3,"moveType":0,"priorityType":1,"stepAnime":false,"through":false,"trigger":0,"walkAnime":true}],"x":6,"y":4}
]
}