{
"autoplayBgm":true,"autoplayBgs":true,"battleback1Name":"","battleback2Name":"","bgm":{"name":"canine_waltz","pan":0,"pitch":100,"volume":90},"bgs":{"name":"","pan":0,"pitch":100,"volume":90},"disableDashing":false,"displayName":"Warden's Office","encounterList":[],"encounterStep":30,"height":11,"note":"","parallaxLoopX":false,"parallaxLoopY":false,"parallaxName":"","parallaxShow":true,"parallaxSx":0,"parallaxSy":0,"scrollType":0,"specifyBattleback":false,"tilesetId":7,"width":14,
"data":[6852,6876,6876,6876,6876,6876,6876,6876,6876,6856,6848,6848,6848,6848,6872,7234,7234,7234,7234,7234,7234,7234,7234,6888,6876,6876,6876,6876,6872,7240,7240,7240,7240,7240,7240,7240,7240,7235,7234,7234,7234,7238,6872,1592,1592,1592,1592,1592,1592,1592,1592,7241,7240,7240,7240,7244,6872,1592,1592,1592,1592,1592,1592,1592,1592,1568,1569,1569,1569,1569,6872,1592,1592,1592,1592,1592,1592,1592,1592,1576,1577,1577,1577,1577,6872,1592,1592,1592,1592,1592,1592,1592,1592,1584,1585,1585,1585,1585,6872,1592,1592,1592,1592,1592,1592,1592,1592,6883,6881,6881,6881,6881,6878,6881,6881,6881,6881,6881,6881,6881,6881,6887,7235,7234,7234,7238,7235,7234,7234,7234,7234,7234,7234,7234,7234,7238,7233,7232,7232,7236,7241,7240,7240,7240,7240,7240,7240,7240,7240,7240,7240,7240,7240,7244,0,0,0,0,0,0,0,0,0,0,0,0,0,0,0,0,0,0,0,0,0,0,0,0,0,0,0,0,0,0,0,0,0,0,0,0,0,0,0,0,0,0,0,0,0,0,3195,3197,0,0,0,0,0,0,0,0,0,0,0,0,0,0,0,0,0,0,0,0,0,0,0,0,0,0,0,0,0,0,0,0,0,0,0,0,0,0,0,0,0,0,0,0,0,0,0,0,0,0,0,0,0,0,0,0,0,0,0,0,0,0,0,0,0,0,0,0,0,0,0,0,0,0,0,0,0,0,0,0,0,0,0,0,0,0,0,0,0,0,0,0,0,0,0,0,0,0,0,0,0,0,0,0,0,0,0,0,0,0,0,0,0,0,0,0,0,0,0,0,0,0,0,0,0,0,0,0,0,0,0,0,0,0,0,0,0,0,0,0,0,0,0,0,0,0,0,0,0,198,197,198,198,198,197,198,198,0,0,0,0,0,0,0,89,0,0,0,0,0,0,0,0,0,0,0,0,0,197,0,0,0,0,0,0,0,0,0,0,0,0,0,312,0,0,0,0,0,0,0,0,0,0,0,0,0,0,0,0,0,0,0,0,0,0,0,0,0,0,0,0,0,0,0,0,0,0,0,0,0,0,0,0,0,0,0,0,0,0,0,0,0,0,0,0,0,0,0,0,0,0,0,0,0,0,0,0,0,0,0,0,0,0,0,0,0,0,0,0,0,0,0,0,0,0,0,0,0,0,0,225,0,225,0,0,0,0,0,0,68,69,68,0,0,68,68,69,0,209,0,209,0,0,197,76,197,197,197,198,197,197,0,217,0,217,0,0,0,81,0,0,0,0,0,0,0,0,0,0,0,0,0,89,0,0,0,0,0,0,0,0,0,0,0,0,0,97,0,0,0,0,0,0,0,0,0,0,0,0,0,0,0,0,0,0,0,0,0,0,0,0,0,0,0,0,0,0,0,0,0,0,0,0,0,0,0,0,0,0,0,0,0,0,0,0,0,0,0,0,0,0,0,0,0,0,0,0,0,0,0,0,0,0,0,0,0,0,0,0,0,0,0,0,0,0,0,0,0,0,0,0,0,0,0,0,0,0,0,0,0,0,0,0,0,0,0,0,0,0,0,0,0,0,0,0,0,0,5,0,0,0,0,0,0,0,0,0,0,0,0,0,5,0,0,0,0,0,0,0,0,0,0,0,0,0,5,0,0,0,0,0,0,0,0,0,0,0,0,0,5,0,0,0,0,0,0,0,0,0,0,0,0,0,5,0,0,0,0,0,0,0,0,0,0,0,0,0,0,0,0,0,0,0,0,0,0,0,0,0,0,0,0,0,0,0,0,0,0,0,0,0,0,0,0,0,0,0,0,0,0,0,0,0,0,0,0,0,0,0,0,0,0,0,0,0,0,0,0,0,0,0,0,0,0,0,0,0,0,0,0,0,0,0,0,0,0,0,0,0,0,0,0,0,0,0,0,0,0,0,0,0,0,0,0,0,0,0,0,0,0,0,0,0,0,0,0,0,0,0,0,0,0,0,0,0,0,0,0,0,0,0,0,0,0,0,0,0,0,0,0,0,0,0,0,0,0,0,0,0,0,0,0,0,0,0,0,0,0,0,0,0,0,0,0,0,0,0,0,0,0,0,0,0,0,0,0,0,0,0,0,0,0,0,0,0,0,0,0,0,0,0,0,0,0,0,0,0,0,0,0,0,0,0,0,0,0,0,0,0,0,0,0],
"events":[
null,
{"id":1,"name":"EV001","note":"","pages":[{"conditions":{"actorId":1,"actorValid":false,"itemId":1,"itemValid":false,"selfSwitchCh":"A","selfSwitchValid":false,"switch1Id":1,"switch1Valid":false,"switch2Id":1,"switch2Valid":false,"variableId":1,"variableValid":false,"variableValue":0},"directionFix":false,"image":{"tileId":0,"characterName":"","direction":4,"pattern":1,"characterIndex":0},"list":[{"code":101,"indent":0,"parameters":["Meowpheus_Expressions",5,0,2]},{"code":401,"indent":0,"parameters":["\\n<Meowpheus>I need to gather information before I leave."]},{"code":0,"indent":0,"parameters":[]}],"moveFrequency":3,"moveRoute":{"list":[{"code":0,"parameters":[]}],"repeat":true,"skippable":false,"wait":false},"moveSpeed":3,"moveType":0,"priorityType":0,"stepAnime":false,"through":false,"trigger":1,"walkAnime":false},{"conditions":{"actorId":1,"actorValid":false,"itemId":1,"itemValid":false,"selfSwitchCh":"A","selfSwitchValid":false,"switch1Id":17,"switch1Valid":true,"switch2Id":1,"switch2Valid":false,"variableId":1,"variableValid":false,"variableValue":0},"directionFix":false,"image":{"tileId":0,"characterName":"Dog_NPCS_Turnarounds","direction":4,"pattern":1,"characterIndex":1},"list":[{"code":0,"indent":0,"parameters":[]}],"moveFrequency":3,"moveRoute":{"list":[{"code":0,"parameters":[]}],"repeat":true,"skippable":false,"wait":false},"moveSpeed":3,"moveType":0,"priorityType":1,"stepAnime":false,"through":false,"trigger":0,"walkAnime":false},{"conditions":{"actorId":1,"actorValid":false,"itemId":1,"itemValid":false,"selfSwitchCh":"A","selfSwitchValid":false,"switch1Id":47,"switch1Valid":true,"switch2Id":17,"switch2Valid":true,"variableId":1,"variableValid":false,"variableValue":0},"directionFix":false,"image":{"characterIndex":0,"characterName":"","direction":2,"pattern":0,"tileId":0},"list":[{"code":221,"indent":0,"parameters":[]},{"code":250,"indent":0,"parameters":[{"name":"normal_steps","volume":100,"pitch":100,"pan":0}]},{"code":101,"indent":0,"parameters":["",0,1,1]},{"code":401,"indent":0,"parameters":[""]},{"code":401,"indent":0,"parameters":["<Center> Meowpheus returns to the Corso estate to"]},{"code":401,"indent":0,"parameters":["meet Romewlus."]},{"code":201,"indent":0,"parameters":[0,4,9,12,8,0]},{"code":0,"indent":0,"parameters":[]}],"moveFrequency":3,"moveRoute":{"list":[{"code":0,"parameters":[]}],"repeat":true,"skippable":false,"wait":false},"moveSpeed":3,"moveType":0,"priorityType":0,"stepAnime":false,"through":false,"trigger":1,"walkAnime":false}],"x":13,"y":4},
{"id":2,"name":"Exit","note":"","pages":[{"conditions":{"actorId":1,"actorValid":false,"itemId":1,"itemValid":false,"selfSwitchCh":"A","selfSwitchValid":false,"switch1Id":1,"switch1Valid":false,"switch2Id":1,"switch2Valid":false,"variableId":1,"variableValid":false,"variableValue":0},"directionFix":false,"image":{"characterIndex":0,"characterName":"","direction":2,"pattern":0,"tileId":0},"list":[{"code":101,"indent":0,"parameters":["Meowpheus_Expressions",5,0,2]},{"code":401,"indent":0,"parameters":["\\n<Meowpheus>I need to gather information before I leave."]},{"code":0,"indent":0,"parameters":[]}],"moveFrequency":3,"moveRoute":{"list":[{"code":0,"parameters":[]}],"repeat":true,"skippable":false,"wait":false},"moveSpeed":3,"moveType":0,"priorityType":0,"stepAnime":false,"through":false,"trigger":1,"walkAnime":true},{"conditions":{"actorId":1,"actorValid":false,"itemId":1,"itemValid":false,"selfSwitchCh":"A","selfSwitchValid":false,"switch1Id":17,"switch1Valid":true,"switch2Id":1,"switch2Valid":false,"variableId":1,"variableValid":false,"variableValue":0},"directionFix":false,"image":{"tileId":0,"characterName":"Warden_Turnarounds","direction":4,"pattern":1,"characterIndex":0},"list":[{"code":101,"indent":0,"parameters":["Warden_Expressions",1,0,2]},{"code":401,"indent":0,"parameters":["\\n<Warden>Thief!"]},{"code":205,"indent":0,"parameters":[-1,{"list":[{"code":5,"indent":null},{"code":0}],"repeat":false,"skippable":true,"wait":true}]},{"code":505,"indent":0,"parameters":[{"code":5,"indent":null}]},{"code":205,"indent":0,"parameters":[-1,{"list":[{"code":5,"indent":null},{"code":0}],"repeat":false,"skippable":true,"wait":true}]},{"code":505,"indent":0,"parameters":[{"code":5,"indent":null}]},{"code":205,"indent":0,"parameters":[-1,{"list":[{"code":18,"indent":null},{"code":0}],"repeat":false,"skippable":false,"wait":true}]},{"code":505,"indent":0,"parameters":[{"code":18,"indent":null}]},{"code":213,"indent":0,"parameters":[0,5,false]},{"code":205,"indent":0,"parameters":[0,{"list":[{"code":2,"indent":null},{"code":2,"indent":null},{"code":2,"indent":null},{"code":2,"indent":null},{"code":0}],"repeat":false,"skippable":false,"wait":true}]},{"code":505,"indent":0,"parameters":[{"code":2,"indent":null}]},{"code":505,"indent":0,"parameters":[{"code":2,"indent":null}]},{"code":505,"indent":0,"parameters":[{"code":2,"indent":null}]},{"code":505,"indent":0,"parameters":[{"code":2,"indent":null}]},{"code":101,"indent":0,"parameters":["Warden_Expressions",1,0,2]},{"code":401,"indent":0,"parameters":["\\n<Warden>Wait... It’s you!"]},{"code":101,"indent":0,"parameters":["Meowpheus_Expressions",5,0,2]},{"code":401,"indent":0,"parameters":["\\n<Meowpheus>Get out of my way. Please. "]},{"code":401,"indent":0,"parameters":["I don’t want to hurt you."]},{"code":101,"indent":0,"parameters":["Voice_Expressions",4,0,2]},{"code":401,"indent":0,"parameters":["\\n<Voice in Head>Not even a little? "]},{"code":401,"indent":0,"parameters":["He let them take your family."]},{"code":101,"indent":0,"parameters":["Voice_Expressions",4,0,2]},{"code":401,"indent":0,"parameters":["\\n<Voice in Head>He let them take your brother!"]},{"code":101,"indent":0,"parameters":["Warden_Expressions",0,0,2]},{"code":401,"indent":0,"parameters":["\\n<Warden>Why did you do it? Why? Why now?"]},{"code":101,"indent":0,"parameters":["Meowpheus_Expressions",6,0,2]},{"code":401,"indent":0,"parameters":["\\n<Meowpheus>My... My brother. He spilt tea on the "]},{"code":401,"indent":0,"parameters":["carpet; and Lord Corso... He whipped him.  "]},{"code":401,"indent":0,"parameters":["He isn’t even 5 years old... and he "]},{"code":401,"indent":0,"parameters":["whipped him!"]},{"code":213,"indent":0,"parameters":[0,8,true]},{"code":101,"indent":0,"parameters":["Warden_Expressions",4,0,2]},{"code":401,"indent":0,"parameters":["\\n<Warden>\\.\\.\\^"]},{"code":101,"indent":0,"parameters":["Warden_Expressions",4,0,2]},{"code":401,"indent":0,"parameters":["\\n<Warden>I’m sorry... I am so sorry. But I --"]},{"code":101,"indent":0,"parameters":["Meowpheus_Expressions",5,0,2]},{"code":401,"indent":0,"parameters":["\\n<Meowpheus>What would you do for your daughter?"]},{"code":101,"indent":0,"parameters":["Meowpheus_Expressions",5,0,2]},{"code":401,"indent":0,"parameters":["\\n<Meowpheus>Would you just watch while Corso"]},{"code":401,"indent":0,"parameters":["peeled her flesh?!"]},{"code":101,"indent":0,"parameters":["",0,1,1]},{"code":401,"indent":0,"parameters":[""]},{"code":401,"indent":0,"parameters":["<Center>*Whip Noises* \\.\\^"]},{"code":250,"indent":0,"parameters":[{"name":"whip","volume":90,"pitch":100,"pan":0}]},{"code":225,"indent":0,"parameters":[3,3,30,true]},{"code":101,"indent":0,"parameters":["Voice_Expressions",5,0,2]},{"code":401,"indent":0,"parameters":["\\n<Voice in Head>He would. He’s a coward."]},{"code":101,"indent":0,"parameters":["Voice_Expressions",5,0,2]},{"code":401,"indent":0,"parameters":["\\n<Voice in Head>Look at him. He knows that you’re right."]},{"code":101,"indent":0,"parameters":["Voice_Expressions",5,0,2]},{"code":401,"indent":0,"parameters":["\\n<Voice in Head>He would stand as still "]},{"code":401,"indent":0,"parameters":["as a statue while Corso cackled."]},{"code":101,"indent":0,"parameters":["",0,1,1]},{"code":401,"indent":0,"parameters":["<Center>*Whip Noises* \\.\\^"]},{"code":250,"indent":0,"parameters":[{"name":"whip","volume":90,"pitch":100,"pan":0}]},{"code":213,"indent":0,"parameters":[-1,5,false]},{"code":225,"indent":0,"parameters":[3,3,30,true]},{"code":101,"indent":0,"parameters":["Meowpheus_Expressions",5,0,2]},{"code":401,"indent":0,"parameters":["\\n<Meowpheus>You would just stand there "]},{"code":401,"indent":0,"parameters":["listening to Corso laugh! WOULDN’T YOU!"]},{"code":101,"indent":0,"parameters":["",0,0,2]},{"code":401,"indent":0,"parameters":[""]},{"code":401,"indent":0,"parameters":["<Center>Meowpheus screams and attacks the Warden."]},{"code":225,"indent":0,"parameters":[5,5,60,false]},{"code":224,"indent":0,"parameters":[[119,51,255,170],120,false]},{"code":221,"indent":0,"parameters":[]},{"code":123,"indent":0,"parameters":["A",0]},{"code":201,"indent":0,"parameters":[0,11,12,43,8,0]},{"code":0,"indent":0,"parameters":[]}],"moveFrequency":3,"moveRoute":{"list":[{"code":0,"parameters":[]}],"repeat":true,"skippable":false,"wait":false},"moveSpeed":3,"moveType":0,"priorityType":1,"stepAnime":false,"through":false,"trigger":3,"walkAnime":true},{"conditions":{"actorId":1,"actorValid":false,"itemId":1,"itemValid":false,"selfSwitchCh":"A","selfSwitchValid":true,"switch1Id":1,"switch1Valid":false,"switch2Id":1,"switch2Valid":false,"variableId":1,"variableValid":false,"variableValue":0},"directionFix":false,"image":{"characterIndex":0,"characterName":"","direction":2,"pattern":0,"tileId":0},"list":[{"code":0,"indent":0,"parameters":[]}],"moveFrequency":3,"moveRoute":{"list":[{"code":0,"parameters":[]}],"repeat":true,"skippable":false,"wait":false},"moveSpeed":3,"moveType":0,"priorityType":0,"stepAnime":false,"through":false,"trigger":0,"walkAnime":true},{"conditions":{"actorId":1,"actorValid":false,"itemId":1,"itemValid":false,"selfSwitchCh":"A","selfSwitchValid":true,"switch1Id":47,"switch1Valid":true,"switch2Id":1,"switch2Valid":false,"variableId":1,"variableValid":false,"variableValue":0},"directionFix":false,"image":{"characterIndex":0,"characterName":"","direction":2,"pattern":0,"tileId":0},"list":[{"code":221,"indent":0,"parameters":[]},{"code":250,"indent":0,"parameters":[{"name":"normal_steps","volume":100,"pitch":100,"pan":0}]},{"code":101,"indent":0,"parameters":["",0,1,1]},{"code":401,"indent":0,"parameters":[""]},{"code":401,"indent":0,"parameters":["<Center> Meowpheus returns to the Corso estate to"]},{"code":401,"indent":0,"parameters":["meet Romewlus."]},{"code":201,"indent":0,"parameters":[0,4,9,12,8,0]},{"code":0,"indent":0,"parameters":[]}],"moveFrequency":3,"moveRoute":{"list":[{"code":0,"parameters":[]}],"repeat":true,"skippable":false,"wait":false},"moveSpeed":3,"moveType":0,"priorityType":0,"stepAnime":false,"through":false,"trigger":1,"walkAnime":false}],"x":13,"y":5},
{"id":3,"name":"EV003","note":"","pages":[{"conditions":{"actorId":1,"actorValid":false,"itemId":1,"itemValid":false,"selfSwitchCh":"A","selfSwitchValid":false,"switch1Id":1,"switch1Valid":false,"switch2Id":1,"switch2Valid":false,"variableId":1,"variableValid":false,"variableValue":0},"directionFix":false,"image":{"tileId":0,"characterName":"","direction":4,"pattern":1,"characterIndex":0},"list":[{"code":101,"indent":0,"parameters":["Meowpheus_Expressions",5,0,2]},{"code":401,"indent":0,"parameters":["\\n<Meowpheus>I need to gather information before I leave."]},{"code":0,"indent":0,"parameters":[]}],"moveFrequency":3,"moveRoute":{"list":[{"code":0,"parameters":[]}],"repeat":true,"skippable":false,"wait":false},"moveSpeed":3,"moveType":0,"priorityType":0,"stepAnime":false,"through":false,"trigger":1,"walkAnime":true},{"conditions":{"actorId":1,"actorValid":false,"itemId":1,"itemValid":false,"selfSwitchCh":"A","selfSwitchValid":false,"switch1Id":17,"switch1Valid":true,"switch2Id":1,"switch2Valid":false,"variableId":1,"variableValid":false,"variableValue":0},"directionFix":false,"image":{"tileId":0,"characterName":"Dog_NPCS_Turnarounds","direction":4,"pattern":1,"characterIndex":0},"list":[{"code":0,"indent":0,"parameters":[]}],"moveFrequency":3,"moveRoute":{"list":[{"code":0,"parameters":[]}],"repeat":true,"skippable":false,"wait":false},"moveSpeed":3,"moveType":0,"priorityType":1,"stepAnime":false,"through":false,"trigger":0,"walkAnime":false},{"conditions":{"actorId":1,"actorValid":false,"itemId":1,"itemValid":false,"selfSwitchCh":"A","selfSwitchValid":false,"switch1Id":47,"switch1Valid":true,"switch2Id":17,"switch2Valid":true,"variableId":1,"variableValid":false,"variableValue":0},"directionFix":false,"image":{"characterIndex":0,"characterName":"","direction":2,"pattern":0,"tileId":0},"list":[{"code":221,"indent":0,"parameters":[]},{"code":250,"indent":0,"parameters":[{"name":"normal_steps","volume":100,"pitch":100,"pan":0}]},{"code":101,"indent":0,"parameters":["",0,1,1]},{"code":401,"indent":0,"parameters":[""]},{"code":401,"indent":0,"parameters":["<Center> Meowpheus returns to the Corso estate to"]},{"code":401,"indent":0,"parameters":["meet Romewlus."]},{"code":201,"indent":0,"parameters":[0,4,9,12,8,0]},{"code":0,"indent":0,"parameters":[]}],"moveFrequency":3,"moveRoute":{"list":[{"code":0,"parameters":[]}],"repeat":true,"skippable":false,"wait":false},"moveSpeed":3,"moveType":0,"priorityType":0,"stepAnime":false,"through":false,"trigger":1,"walkAnime":false}],"x":13,"y":6},
{"id":4,"name":"EV004","note":"<NESフラッシュ対象:ON>","pages":[{"conditions":{"actorId":1,"actorValid":false,"itemId":1,"itemValid":false,"selfSwitchCh":"A","selfSwitchValid":false,"switch1Id":1,"switch1Valid":false,"switch2Id":1,"switch2Valid":false,"variableId":1,"variableValid":false,"variableValue":0},"directionFix":false,"image":{"tileId":76,"characterName":"","characterIndex":0,"direction":2,"pattern":0},"list":[{"code":101,"indent":0,"parameters":["",0,0,2]},{"code":401,"indent":0,"parameters":["Book shelf full of books. "]},{"code":401,"indent":0,"parameters":["There's a book titled, \"Master in Pastries\"."]},{"code":0,"indent":0,"parameters":[]}],"moveFrequency":3,"moveRoute":{"list":[{"code":0,"parameters":[]}],"repeat":true,"skippable":false,"wait":false},"moveSpeed":3,"moveType":0,"priorityType":1,"stepAnime":false,"through":false,"trigger":0,"walkAnime":true}],"x":8,"y":3},
{"id":5,"name":"EV005","note":"<NESフラッシュ対象:ON>","pages":[{"conditions":{"actorId":1,"actorValid":false,"itemId":1,"itemValid":false,"selfSwitchCh":"A","selfSwitchValid":false,"switch1Id":1,"switch1Valid":false,"switch2Id":1,"switch2Valid":false,"variableId":1,"variableValid":false,"variableValue":0},"directionFix":false,"image":{"tileId":77,"characterName":"","characterIndex":0,"direction":2,"pattern":0},"list":[{"code":101,"indent":0,"parameters":["",0,0,2]},{"code":401,"indent":0,"parameters":["Book shelf full of books. "]},{"code":401,"indent":0,"parameters":["There's a book titled, "]},{"code":401,"indent":0,"parameters":["\"Justice: Harmony between Dog and Cat\"."]},{"code":0,"indent":0,"parameters":[]}],"moveFrequency":3,"moveRoute":{"list":[{"code":0,"parameters":[]}],"repeat":true,"skippable":false,"wait":false},"moveSpeed":3,"moveType":0,"priorityType":1,"stepAnime":false,"through":false,"trigger":0,"walkAnime":false}],"x":7,"y":3},
{"id":6,"name":"bookcase","note":"<NESフラッシュ対象:ON>","pages":[{"conditions":{"actorId":1,"actorValid":false,"itemId":1,"itemValid":false,"selfSwitchCh":"A","selfSwitchValid":false,"switch1Id":1,"switch1Valid":false,"switch2Id":1,"switch2Valid":false,"variableId":1,"variableValid":false,"variableValue":0},"directionFix":false,"image":{"tileId":59,"characterName":"","characterIndex":0,"direction":2,"pattern":0},"list":[{"code":101,"indent":0,"parameters":["",0,0,2]},{"code":401,"indent":0,"parameters":["Book shelf full of books. "]},{"code":401,"indent":0,"parameters":["There's a book titled, \"For Dummies in Pastries\"."]},{"code":0,"indent":0,"parameters":[]}],"moveFrequency":3,"moveRoute":{"list":[{"code":0,"parameters":[]}],"repeat":true,"skippable":false,"wait":false},"moveSpeed":3,"moveType":0,"priorityType":1,"stepAnime":false,"through":false,"trigger":0,"walkAnime":false}],"x":6,"y":3},
{"id":7,"name":"EV007","note":"<NESフラッシュ対象:ON>","pages":[{"conditions":{"actorId":1,"actorValid":false,"itemId":1,"itemValid":false,"selfSwitchCh":"A","selfSwitchValid":false,"switch1Id":1,"switch1Valid":false,"switch2Id":1,"switch2Valid":false,"variableId":1,"variableValid":false,"variableValue":0},"directionFix":false,"image":{"tileId":77,"characterName":"","characterIndex":0,"direction":2,"pattern":0},"list":[{"code":101,"indent":0,"parameters":["",0,0,2]},{"code":401,"indent":0,"parameters":["Book shelf full of books. "]},{"code":401,"indent":0,"parameters":["There's a book titled, \"How to Love Others\"."]},{"code":0,"indent":0,"parameters":[]}],"moveFrequency":3,"moveRoute":{"list":[{"code":0,"parameters":[]}],"repeat":true,"skippable":false,"wait":false},"moveSpeed":3,"moveType":0,"priorityType":1,"stepAnime":false,"through":false,"trigger":0,"walkAnime":false}],"x":3,"y":3},
{"id":8,"name":"EV008","note":"<NESフラッシュ対象:ON>","pages":[{"conditions":{"actorId":1,"actorValid":false,"itemId":1,"itemValid":false,"selfSwitchCh":"A","selfSwitchValid":false,"switch1Id":1,"switch1Valid":false,"switch2Id":1,"switch2Valid":false,"variableId":1,"variableValid":false,"variableValue":0},"directionFix":false,"image":{"tileId":76,"characterName":"","characterIndex":0,"direction":2,"pattern":0},"list":[{"code":101,"indent":0,"parameters":["",0,0,2]},{"code":401,"indent":0,"parameters":["Book shelf full of books. "]},{"code":401,"indent":0,"parameters":["There's a book titled, \"Love is an Open Door\"."]},{"code":0,"indent":0,"parameters":[]}],"moveFrequency":3,"moveRoute":{"list":[{"code":0,"parameters":[]}],"repeat":true,"skippable":false,"wait":false},"moveSpeed":3,"moveType":0,"priorityType":1,"stepAnime":false,"through":false,"trigger":0,"walkAnime":false}],"x":1,"y":3},
{"id":9,"name":"Meowphues' Report","note":"<NESフラッシュ対象:ON>","pages":[{"conditions":{"actorId":1,"actorValid":false,"itemId":1,"itemValid":false,"selfSwitchCh":"A","selfSwitchValid":false,"switch1Id":1,"switch1Valid":false,"switch2Id":1,"switch2Valid":false,"variableId":1,"variableValid":false,"variableValue":0},"directionFix":false,"image":{"tileId":328,"characterName":"","characterIndex":0,"direction":2,"pattern":0},"list":[{"code":101,"indent":0,"parameters":["Meowpheus_Expressions",2,0,2]},{"code":401,"indent":0,"parameters":["\\n<Meowpheus>What is this document?"]},{"code":101,"indent":0,"parameters":["",0,0,2]},{"code":401,"indent":0,"parameters":["\\n<Report on Meowpheus>Physical assault against Lord "]},{"code":401,"indent":0,"parameters":["Corso... Unjustifiable... punishable crime..."]},{"code":213,"indent":0,"parameters":[-1,1,false]},{"code":101,"indent":0,"parameters":["Meowpheus_Expressions",3,0,2]},{"code":401,"indent":0,"parameters":["\\n<Meowpheus>Execution of Meowpheus?!"]},{"code":101,"indent":0,"parameters":["Meowpheus_Expressions",3,0,2]},{"code":401,"indent":0,"parameters":["\\n<Meowpheus>This... this can't be possible..."]},{"code":0,"indent":0,"parameters":[]}],"moveFrequency":3,"moveRoute":{"list":[{"code":0,"parameters":[]}],"repeat":true,"skippable":false,"wait":false},"moveSpeed":3,"moveType":0,"priorityType":1,"stepAnime":false,"through":false,"trigger":0,"walkAnime":false},{"conditions":{"actorId":1,"actorValid":false,"itemId":1,"itemValid":false,"selfSwitchCh":"A","selfSwitchValid":false,"switch1Id":17,"switch1Valid":true,"switch2Id":1,"switch2Valid":false,"variableId":1,"variableValid":false,"variableValue":0},"directionFix":false,"image":{"tileId":328,"characterName":"","characterIndex":0,"direction":2,"pattern":0},"list":[{"code":101,"indent":0,"parameters":["Meowpheus_Expressions",2,0,2]},{"code":401,"indent":0,"parameters":["\\n<Meowpheus>What is this document?"]},{"code":101,"indent":0,"parameters":["",0,0,2]},{"code":401,"indent":0,"parameters":["Physical assault against Lord Corso..."]},{"code":401,"indent":0,"parameters":["Unjustifiable...punishable crime..."]},{"code":0,"indent":0,"parameters":[]}],"moveFrequency":3,"moveRoute":{"list":[{"code":0,"parameters":[]}],"repeat":true,"skippable":false,"wait":false},"moveSpeed":3,"moveType":0,"priorityType":1,"stepAnime":false,"through":false,"trigger":0,"walkAnime":false}],"x":2,"y":5},
{"id":10,"name":"EV010","note":"","pages":[{"conditions":{"actorId":1,"actorValid":false,"itemId":1,"itemValid":false,"selfSwitchCh":"A","selfSwitchValid":false,"switch1Id":1,"switch1Valid":false,"switch2Id":1,"switch2Valid":false,"variableId":1,"variableValid":false,"variableValue":0},"directionFix":false,"image":{"characterIndex":0,"characterName":"","direction":2,"pattern":0,"tileId":0},"list":[{"code":230,"indent":0,"parameters":[499]},{"code":230,"indent":0,"parameters":[999]},{"code":121,"indent":0,"parameters":[17,17,0]},{"code":123,"indent":0,"parameters":["A",0]},{"code":0,"indent":0,"parameters":[]}],"moveFrequency":3,"moveRoute":{"list":[{"code":0,"parameters":[]}],"repeat":true,"skippable":false,"wait":false},"moveSpeed":3,"moveType":0,"priorityType":1,"stepAnime":false,"through":false,"trigger":4,"walkAnime":false},{"conditions":{"actorId":1,"actorValid":false,"itemId":1,"itemValid":false,"selfSwitchCh":"A","selfSwitchValid":false,"switch1Id":47,"switch1Valid":true,"switch2Id":17,"switch2Valid":false,"variableId":1,"variableValid":false,"variableValue":0},"directionFix":false,"image":{"characterIndex":0,"characterName":"","direction":2,"pattern":0,"tileId":0},"list":[{"code":222,"indent":0,"parameters":[]},{"code":101,"indent":0,"parameters":["Voice_Expressions",0,0,2]},{"code":401,"indent":0,"parameters":["\\n<Voice in Head>You were amazing! Look at you, "]},{"code":401,"indent":0,"parameters":["you aren’t even tired!"]},{"code":101,"indent":0,"parameters":["Meowpheus_Expressions",7,0,2]},{"code":401,"indent":0,"parameters":["\\n<Meowpheus>Is... is he okay?"]},{"code":101,"indent":0,"parameters":["Voice_Expressions",0,0,2]},{"code":401,"indent":0,"parameters":["\\n<Voice in Head>Don’t worry kitten, he’s still alive."]},{"code":401,"indent":0,"parameters":["The guards carried him away after you "]},{"code":401,"indent":0,"parameters":["knocked him out! They're scared of you!"]},{"code":101,"indent":0,"parameters":["Voice_Expressions",4,0,2]},{"code":401,"indent":0,"parameters":["\\n<Meowpheus>I’ll explain everything later. Promise."]},{"code":101,"indent":0,"parameters":["Meowpheus_Expressions",5,0,2]},{"code":401,"indent":0,"parameters":["\\n<Meowpheus>If my family were safe, we would be "]},{"code":401,"indent":0,"parameters":["having this conversation right now. "]},{"code":101,"indent":0,"parameters":["Voice_Expressions",0,0,2]},{"code":401,"indent":0,"parameters":["\\n<Voice in Head>Wait, your family is in danger?"]},{"code":101,"indent":0,"parameters":["Voice_Expressions",0,0,2]},{"code":401,"indent":0,"parameters":["\\n<Voice in Head>Why are we wasting time then? "]},{"code":401,"indent":0,"parameters":["Let's get out of here and save your family! "]},{"code":214,"indent":0,"parameters":[]},{"code":0,"indent":0,"parameters":[]}],"moveFrequency":3,"moveRoute":{"list":[{"code":0,"parameters":[]}],"repeat":true,"skippable":false,"wait":false},"moveSpeed":3,"moveType":0,"priorityType":1,"stepAnime":false,"through":false,"trigger":4,"walkAnime":false}],"x":13,"y":0},
{"id":11,"name":"Warden's Journal","note":"<NESフラッシュ対象:ON>","pages":[{"conditions":{"actorId":1,"actorValid":false,"itemId":1,"itemValid":false,"selfSwitchCh":"A","selfSwitchValid":false,"switch1Id":1,"switch1Valid":false,"switch2Id":1,"switch2Valid":false,"variableId":1,"variableValid":false,"variableValue":0},"directionFix":false,"image":{"tileId":316,"characterName":"","characterIndex":0,"direction":2,"pattern":0},"list":[{"code":101,"indent":0,"parameters":["",2,0,2]},{"code":401,"indent":0,"parameters":["\\n<Warden’s Journal>Aoovember 3. "]},{"code":401,"indent":0,"parameters":["Effy lost the ability to speak today. And yet, she "]},{"code":401,"indent":0,"parameters":["keeps smiling. And not the type of smile you wear "]},{"code":401,"indent":0,"parameters":["when you’re trying to make others feel better either. "]},{"code":101,"indent":0,"parameters":["",2,0,2]},{"code":401,"indent":0,"parameters":["\\n<Warden’s Journal>Aoovember 3. "]},{"code":401,"indent":0,"parameters":["I hate knowing that when she dies, somehow, my body "]},{"code":401,"indent":0,"parameters":["will continue living on. \\C[18]Lock\\C\\C[0]ed to this hell. "]},{"code":401,"indent":0,"parameters":["Alone... lightless... Like an echo in the dark. "]},{"code":355,"indent":0,"parameters":["$gameNotepad.show(\"Warden'sJournal\");"]},{"code":655,"indent":0,"parameters":["$gameNotepad.appendNoteByKey(\"Warden'sJournal\", \"\", '\\\\}\"'+\"Aoovember 3. \\n I hate knowing that when she dies, somehow, my body \\n will continue living on. \\\\C[18]Lock\\\\C\\\\C[0]ed to this hell. \\n Alone… lightless… Like an echo in the dark.\"+'\"');"]},{"code":123,"indent":0,"parameters":["A",0]},{"code":0,"indent":0,"parameters":[]}],"moveFrequency":3,"moveRoute":{"list":[{"code":0,"parameters":[]}],"repeat":true,"skippable":false,"wait":false},"moveSpeed":3,"moveType":0,"priorityType":1,"stepAnime":false,"through":false,"trigger":0,"walkAnime":false},{"conditions":{"actorId":1,"actorValid":false,"itemId":1,"itemValid":false,"selfSwitchCh":"A","selfSwitchValid":true,"switch1Id":17,"switch1Valid":false,"switch2Id":1,"switch2Valid":false,"variableId":1,"variableValid":false,"variableValue":0},"directionFix":false,"image":{"tileId":316,"characterName":"","characterIndex":0,"direction":2,"pattern":0},"list":[{"code":101,"indent":0,"parameters":["",2,0,2]},{"code":401,"indent":0,"parameters":["\\n<Warden’s Journal>Aoovember 3. "]},{"code":401,"indent":0,"parameters":["Effy lost the ability to speak today. And yet, she "]},{"code":401,"indent":0,"parameters":["keeps smiling. And not the type of smile you wear "]},{"code":401,"indent":0,"parameters":["when you’re trying to make others feel better either. "]},{"code":101,"indent":0,"parameters":["",2,0,2]},{"code":401,"indent":0,"parameters":["\\n<Warden’s Journal>Aoovember 3. "]},{"code":401,"indent":0,"parameters":["I hate knowing that when she dies, somehow, my body "]},{"code":401,"indent":0,"parameters":["will continue living on. \\C[18]Lock\\C\\C[0]ed to this hell. "]},{"code":401,"indent":0,"parameters":["Alone… lightless… Like an echo in the dark. "]},{"code":0,"indent":0,"parameters":[]}],"moveFrequency":3,"moveRoute":{"list":[{"code":0,"parameters":[]}],"repeat":true,"skippable":false,"wait":false},"moveSpeed":3,"moveType":0,"priorityType":1,"stepAnime":false,"through":false,"trigger":0,"walkAnime":false}],"x":4,"y":3},
{"id":12,"name":"Warden's Poetry","note":"<NESフラッシュ対象:ON>","pages":[{"conditions":{"actorId":1,"actorValid":false,"itemId":1,"itemValid":false,"selfSwitchCh":"A","selfSwitchValid":false,"switch1Id":1,"switch1Valid":false,"switch2Id":1,"switch2Valid":false,"variableId":1,"variableValid":false,"variableValue":0},"directionFix":false,"image":{"tileId":312,"characterName":"","characterIndex":0,"direction":2,"pattern":0},"list":[{"code":101,"indent":0,"parameters":["",2,0,2]},{"code":401,"indent":0,"parameters":["\\n<Warden’s Book of Poetry>Vibrant leaves drifting."]},{"code":401,"indent":0,"parameters":["Like sorrowful wind-swept tears"]},{"code":401,"indent":0,"parameters":["\\C[1]wish\\C\\C[0]ing\\C to be whole"]},{"code":355,"indent":0,"parameters":["$gameNotepad.show(\"Warden'sPoetry\");"]},{"code":655,"indent":0,"parameters":["$gameNotepad.appendNoteByKey(\"Warden'sPoetry\", \"\", '\\\\}\"'+\"Vibrant leaves drifting \\n Like sorrowful wind-swept tears \\n \\\\C[1]Wish\\\\C\\\\C[0]ing\\\\C to be whole\"+'\"');"]},{"code":123,"indent":0,"parameters":["A",0]},{"code":0,"indent":0,"parameters":[]}],"moveFrequency":3,"moveRoute":{"list":[{"code":0,"parameters":[]}],"repeat":true,"skippable":false,"wait":false},"moveSpeed":3,"moveType":0,"priorityType":1,"stepAnime":false,"through":false,"trigger":0,"walkAnime":true},{"conditions":{"actorId":1,"actorValid":false,"itemId":1,"itemValid":false,"selfSwitchCh":"A","selfSwitchValid":true,"switch1Id":17,"switch1Valid":false,"switch2Id":1,"switch2Valid":false,"variableId":1,"variableValid":false,"variableValue":0},"directionFix":false,"image":{"tileId":312,"characterName":"","characterIndex":0,"direction":2,"pattern":0},"list":[{"code":101,"indent":0,"parameters":["",2,0,2]},{"code":401,"indent":0,"parameters":["\\n<Warden’s Book of Poetry>Vibrant leaves drifting."]},{"code":401,"indent":0,"parameters":["Like sorrowful wind-swept tears"]},{"code":401,"indent":0,"parameters":["\\C[1]wish\\C\\C[0]ing\\C to be whole"]},{"code":0,"indent":0,"parameters":[]}],"moveFrequency":3,"moveRoute":{"list":[{"code":0,"parameters":[]}],"repeat":true,"skippable":false,"wait":false},"moveSpeed":3,"moveType":0,"priorityType":1,"stepAnime":false,"through":false,"trigger":0,"walkAnime":true}],"x":5,"y":3},
null,
null
]
}