{
"autoplayBgm":true,"autoplayBgs":true,"battleback1Name":"","battleback2Name":"","bgm":{"name":"166187__drminky__creepy-dungeon-ambience","pan":0,"pitch":100,"volume":90},"bgs":{"name":"177958__sclolex__water-dripping-in-cave","pan":0,"pitch":100,"volume":90},"disableDashing":false,"displayName":"Prison (Upstairs)","encounterList":[],"encounterStep":30,"height":13,"note":"","parallaxLoopX":false,"parallaxLoopY":false,"parallaxName":"","parallaxShow":true,"parallaxSx":0,"parallaxSy":0,"scrollType":0,"specifyBattleback":false,"tilesetId":7,"width":12,
"data":[6848,6848,6848,6848,6852,6886,7239,1625,1626,1627,7239,6864,6848,6848,6848,6852,6886,7238,7245,1625,1626,1627,7245,6864,6876,6876,6876,6886,7238,7244,1610,1610,1610,1610,1610,6864,7235,7234,7234,7238,7244,1610,1610,1610,1610,1610,1610,6864,7241,7240,7240,7244,1610,1610,1610,1610,1610,1610,1610,6864,1569,1569,1569,1570,1610,1610,1610,1610,1610,1610,1610,6864,1577,1577,1577,1578,1610,1610,1610,1610,1610,1610,1610,6864,1585,1585,1585,1586,1610,1610,1610,1610,1610,1610,1610,6864,6881,6881,6881,6881,6885,1610,1610,1610,1610,1610,1610,6864,7235,7234,7234,7238,6889,6885,1610,1610,1610,1610,1610,6864,7233,7232,7232,7236,7239,6892,1610,1610,1610,6891,6881,6877,7233,7232,7232,7236,7237,7239,1625,1626,1627,7235,7234,7238,7241,7240,7240,7244,7245,7245,1625,1626,1627,7241,7240,7244,0,0,0,0,0,0,0,0,0,0,0,0,0,0,0,0,0,0,0,0,0,0,0,0,0,0,0,0,0,0,0,0,0,0,0,0,0,0,0,0,0,0,0,0,0,0,0,0,0,0,0,0,0,0,0,0,0,0,0,0,0,0,0,0,0,0,0,0,0,0,0,0,0,0,0,0,0,0,0,0,0,0,0,0,0,0,0,0,0,0,0,0,0,0,0,0,0,0,0,0,0,0,0,0,0,0,0,0,0,0,0,0,0,0,0,0,0,0,0,0,0,0,0,0,0,0,0,0,0,0,0,0,0,0,0,0,0,0,0,0,0,0,0,0,0,0,0,0,0,0,0,0,0,0,0,0,0,0,0,0,0,0,0,0,0,0,0,0,0,0,0,0,0,0,0,0,0,0,0,0,0,0,0,0,0,0,254,254,0,0,0,0,0,0,0,0,0,0,0,0,0,0,0,0,0,0,0,0,0,0,0,0,0,0,0,0,0,0,0,0,0,0,0,0,0,0,235,0,0,0,0,0,0,0,0,0,0,0,233,0,0,0,0,0,0,0,0,0,0,0,0,0,0,0,0,0,0,0,0,0,0,0,0,0,0,0,0,0,0,0,0,0,0,0,0,0,0,0,0,0,0,0,0,0,0,0,0,0,0,0,0,0,0,0,0,0,0,0,0,0,0,0,0,0,0,0,0,0,0,0,0,0,236,0,0,0,0,0,0,0,0,0,0,238,0,0,0,0,228,245,244,244,246,246,247,0,0,0,0,0,236,224,226,227,254,254,255,0,0,0,0,0,224,232,234,235,0,0,0,0,0,0,0,0,232,0,0,0,0,226,227,236,0,0,0,0,0,0,0,0,0,234,224,0,0,0,0,0,0,0,0,0,0,0,232,0,0,0,0,0,0,0,0,0,0,0,0,0,0,0,0,0,0,0,0,0,0,0,0,0,0,0,0,0,0,0,0,0,0,226,227,0,0,0,0,236,0,0,0,0,0,0,0,228,236,0,0,0,0,0,0,0,0,0,0,0,0,0,0,0,236,0,0,0,0,0,0,0,0,0,0,0,0,0,0,0,0,0,0,0,0,0,0,0,0,0,0,5,0,0,0,0,0,0,0,0,0,0,5,0,0,0,0,0,0,0,0,0,0,5,0,0,0,0,0,0,0,0,0,0,5,0,0,0,0,0,0,0,0,0,0,0,0,0,0,0,0,0,0,0,0,0,0,0,0,0,0,0,0,0,0,0,0,0,0,0,0,0,0,0,0,0,0,0,0,0,0,0,0,0,0,0,0,0,0,0,0,0,0,0,0,0,0,0,0,0,0,0,0,0,0,0,0,0,5,0,0,0,0,0,0,0,0,0,0,0,5,0,0,0,0,0,0,0,0,0,0,0,5,0,0,0,0,0,0,0,0,0,0,0,0,0,0,0,0,0,0,0,0,0,0,0,0,0,0,0,0,0,0,0,0,0,0,0,0,0,0,0,0,0,0,0,0,0,0,0,0,0,0,0,0,0,0,0,0,0,0,0,0,0,0,0,0,0,0,0,0,0,0,0,0,0,0,0,0,0,0,0,0,0,0,0,0,0,0,0,0,0,0,0,0,0,0,0,0,0,0,0,0,0,0,0,0,0,0,0,0,0,0,0,0,0,0,0,0,0,0,0,0,0,0,0,0,0,0,0,0,0,0,0,0,0,0,0,0,0,0,0,0,0,0,0,0,0,0,0,0,0,0,0,0,0,0,0,0,0,0,0,0,0],
"events":[
null,
{"id":1,"name":"EV001","note":"","pages":[{"conditions":{"actorId":1,"actorValid":false,"itemId":1,"itemValid":false,"selfSwitchCh":"A","selfSwitchValid":false,"switch1Id":1,"switch1Valid":false,"switch2Id":1,"switch2Valid":false,"variableId":1,"variableValid":false,"variableValue":0},"directionFix":false,"image":{"characterIndex":0,"characterName":"","direction":2,"pattern":0,"tileId":0},"list":[{"code":250,"indent":0,"parameters":[{"name":"MoveMeowpheus","volume":90,"pitch":100,"pan":0}]},{"code":201,"indent":0,"parameters":[0,18,2,1,0,0]},{"code":0,"indent":0,"parameters":[]}],"moveFrequency":3,"moveRoute":{"list":[{"code":0,"parameters":[]}],"repeat":true,"skippable":false,"wait":false},"moveSpeed":3,"moveType":0,"priorityType":0,"stepAnime":false,"through":false,"trigger":1,"walkAnime":true}],"x":6,"y":12},
{"id":2,"name":"EV002","note":"","pages":[{"conditions":{"actorId":1,"actorValid":false,"itemId":1,"itemValid":false,"selfSwitchCh":"A","selfSwitchValid":false,"switch1Id":1,"switch1Valid":false,"switch2Id":1,"switch2Valid":false,"variableId":1,"variableValid":false,"variableValue":0},"directionFix":false,"image":{"characterIndex":0,"characterName":"","direction":2,"pattern":0,"tileId":0},"list":[{"code":250,"indent":0,"parameters":[{"name":"MoveMeowpheus","volume":90,"pitch":100,"pan":0}]},{"code":201,"indent":0,"parameters":[0,18,2,1,0,0]},{"code":0,"indent":0,"parameters":[]}],"moveFrequency":3,"moveRoute":{"list":[{"code":0,"parameters":[]}],"repeat":true,"skippable":false,"wait":false},"moveSpeed":3,"moveType":0,"priorityType":0,"stepAnime":false,"through":false,"trigger":1,"walkAnime":true}],"x":7,"y":12},
{"id":3,"name":"EV003","note":"","pages":[{"conditions":{"actorId":1,"actorValid":false,"itemId":1,"itemValid":false,"selfSwitchCh":"A","selfSwitchValid":false,"switch1Id":1,"switch1Valid":false,"switch2Id":1,"switch2Valid":false,"variableId":1,"variableValid":false,"variableValue":0},"directionFix":false,"image":{"characterIndex":0,"characterName":"","direction":2,"pattern":0,"tileId":0},"list":[{"code":250,"indent":0,"parameters":[{"name":"MoveMeowpheus","volume":90,"pitch":100,"pan":0}]},{"code":201,"indent":0,"parameters":[0,18,2,1,0,0]},{"code":0,"indent":0,"parameters":[]}],"moveFrequency":3,"moveRoute":{"list":[{"code":0,"parameters":[]}],"repeat":true,"skippable":false,"wait":false},"moveSpeed":3,"moveType":0,"priorityType":0,"stepAnime":false,"through":false,"trigger":1,"walkAnime":true}],"x":8,"y":12},
{"id":4,"name":"EV004","note":"","pages":[{"conditions":{"actorId":1,"actorValid":false,"itemId":1,"itemValid":false,"selfSwitchCh":"A","selfSwitchValid":false,"switch1Id":1,"switch1Valid":false,"switch2Id":1,"switch2Valid":false,"variableId":1,"variableValid":false,"variableValue":0},"directionFix":false,"image":{"characterIndex":0,"characterName":"","direction":2,"pattern":0,"tileId":0},"list":[{"code":250,"indent":0,"parameters":[{"name":"normal_steps","volume":90,"pitch":100,"pan":0}]},{"code":201,"indent":0,"parameters":[0,20,12,4,0,0]},{"code":0,"indent":0,"parameters":[]}],"moveFrequency":3,"moveRoute":{"list":[{"code":0,"parameters":[]}],"repeat":true,"skippable":false,"wait":false},"moveSpeed":3,"moveType":0,"priorityType":0,"stepAnime":false,"through":false,"trigger":1,"walkAnime":true}],"x":0,"y":5},
{"id":5,"name":"EV005","note":"","pages":[{"conditions":{"actorId":1,"actorValid":false,"itemId":1,"itemValid":false,"selfSwitchCh":"A","selfSwitchValid":false,"switch1Id":1,"switch1Valid":false,"switch2Id":1,"switch2Valid":false,"variableId":1,"variableValid":false,"variableValue":0},"directionFix":false,"image":{"characterIndex":0,"characterName":"","direction":2,"pattern":0,"tileId":0},"list":[{"code":250,"indent":0,"parameters":[{"name":"normal_steps","volume":90,"pitch":100,"pan":0}]},{"code":201,"indent":0,"parameters":[0,20,12,4,0,0]},{"code":0,"indent":0,"parameters":[]}],"moveFrequency":3,"moveRoute":{"list":[{"code":0,"parameters":[]}],"repeat":true,"skippable":false,"wait":false},"moveSpeed":3,"moveType":0,"priorityType":0,"stepAnime":false,"through":false,"trigger":1,"walkAnime":true}],"x":0,"y":6},
{"id":6,"name":"EV006","note":"","pages":[{"conditions":{"actorId":1,"actorValid":false,"itemId":1,"itemValid":false,"selfSwitchCh":"A","selfSwitchValid":false,"switch1Id":1,"switch1Valid":false,"switch2Id":1,"switch2Valid":false,"variableId":1,"variableValid":false,"variableValue":0},"directionFix":false,"image":{"characterIndex":0,"characterName":"","direction":2,"pattern":0,"tileId":0},"list":[{"code":250,"indent":0,"parameters":[{"name":"normal_steps","volume":90,"pitch":100,"pan":0}]},{"code":201,"indent":0,"parameters":[0,20,12,4,0,0]},{"code":0,"indent":0,"parameters":[]}],"moveFrequency":3,"moveRoute":{"list":[{"code":0,"parameters":[]}],"repeat":true,"skippable":false,"wait":false},"moveSpeed":3,"moveType":0,"priorityType":0,"stepAnime":false,"through":false,"trigger":1,"walkAnime":true}],"x":0,"y":7},
{"id":7,"name":"EV007","note":"","pages":[{"conditions":{"actorId":1,"actorValid":false,"itemId":1,"itemValid":false,"selfSwitchCh":"A","selfSwitchValid":false,"switch1Id":1,"switch1Valid":false,"switch2Id":1,"switch2Valid":false,"variableId":1,"variableValid":false,"variableValue":0},"directionFix":false,"image":{"characterIndex":0,"characterName":"","direction":2,"pattern":0,"tileId":0},"list":[{"code":101,"indent":0,"parameters":["",0,0,2]},{"code":401,"indent":0,"parameters":["Hard-looking metal bars. You can't escape simply with "]},{"code":401,"indent":0,"parameters":["force."]},{"code":0,"indent":0,"parameters":[]}],"moveFrequency":3,"moveRoute":{"list":[{"code":0,"parameters":[]}],"repeat":true,"skippable":false,"wait":false},"moveSpeed":3,"moveType":0,"priorityType":0,"stepAnime":false,"through":false,"trigger":0,"walkAnime":true}],"x":9,"y":2},
{"id":8,"name":"EV008","note":"","pages":[{"conditions":{"actorId":1,"actorValid":false,"itemId":1,"itemValid":false,"selfSwitchCh":"A","selfSwitchValid":false,"switch1Id":1,"switch1Valid":false,"switch2Id":1,"switch2Valid":false,"variableId":1,"variableValid":false,"variableValue":0},"directionFix":false,"image":{"characterIndex":0,"characterName":"","direction":2,"pattern":0,"tileId":0},"list":[{"code":101,"indent":0,"parameters":["",0,0,2]},{"code":401,"indent":0,"parameters":["Hard-looking metal bars. You can't escape simply with "]},{"code":401,"indent":0,"parameters":["force."]},{"code":0,"indent":0,"parameters":[]}],"moveFrequency":3,"moveRoute":{"list":[{"code":0,"parameters":[]}],"repeat":true,"skippable":false,"wait":false},"moveSpeed":3,"moveType":0,"priorityType":0,"stepAnime":false,"through":false,"trigger":0,"walkAnime":true}],"x":8,"y":2},
{"id":9,"name":"EV009","note":"","pages":[{"conditions":{"actorId":1,"actorValid":false,"itemId":1,"itemValid":false,"selfSwitchCh":"A","selfSwitchValid":false,"switch1Id":1,"switch1Valid":false,"switch2Id":1,"switch2Valid":false,"variableId":1,"variableValid":false,"variableValue":0},"directionFix":false,"image":{"characterIndex":0,"characterName":"","direction":2,"pattern":0,"tileId":0},"list":[{"code":101,"indent":0,"parameters":["",0,0,2]},{"code":401,"indent":0,"parameters":["Hard-looking metal bars. You can't escape simply with "]},{"code":401,"indent":0,"parameters":["force."]},{"code":0,"indent":0,"parameters":[]}],"moveFrequency":3,"moveRoute":{"list":[{"code":0,"parameters":[]}],"repeat":true,"skippable":false,"wait":false},"moveSpeed":3,"moveType":0,"priorityType":0,"stepAnime":false,"through":false,"trigger":0,"walkAnime":true}],"x":10,"y":2},
null,
{"id":11,"name":"EV011","note":"","pages":[{"conditions":{"actorId":1,"actorValid":false,"itemId":1,"itemValid":false,"selfSwitchCh":"A","selfSwitchValid":false,"switch1Id":1,"switch1Valid":false,"switch2Id":1,"switch2Valid":false,"variableId":1,"variableValid":false,"variableValue":0},"directionFix":false,"image":{"characterIndex":0,"characterName":"","direction":2,"pattern":0,"tileId":0},"list":[{"code":101,"indent":0,"parameters":["Meowpheus_Expressions",2,0,2]},{"code":401,"indent":0,"parameters":["\\n<Meowpheus>What did I do to Lord Corso?"]},{"code":213,"indent":0,"parameters":[-1,2,true]},{"code":101,"indent":0,"parameters":["Meowpheus_Expressions",2,0,2]},{"code":401,"indent":0,"parameters":["\\n<Meowpheus>It was like... Was I dreaming?"]},{"code":213,"indent":0,"parameters":[-1,2,true]},{"code":101,"indent":0,"parameters":["Voice_Expressions",0,0,2]},{"code":401,"indent":0,"parameters":["\\n<Voice in Head>You were in the \\C[31]State of Stupor\\C."]},{"code":101,"indent":0,"parameters":["Voice_Expressions",0,0,2]},{"code":401,"indent":0,"parameters":["\\n<Voice in Head>The \\C[31]State of Stupor\\C is a "]},{"code":401,"indent":0,"parameters":["realm just beyond dreaming. A place where "]},{"code":401,"indent":0,"parameters":["the line between reality and dreaming "]},{"code":401,"indent":0,"parameters":["is so blurred that anything is possible."]},{"code":101,"indent":0,"parameters":["Meowpheus_Expressions",2,0,2]},{"code":401,"indent":0,"parameters":["\\n<Meowpheus>What does that mean? Who are you?"]},{"code":101,"indent":0,"parameters":["Voice_Expressions",4,0,2]},{"code":401,"indent":0,"parameters":["\\n<Voice in Head>Ugh! This is too complex to explain"]},{"code":401,"indent":0,"parameters":["right now."]},{"code":101,"indent":0,"parameters":["Meowpheus_Expressions",5,0,2]},{"code":401,"indent":0,"parameters":["\\n<Meowpheus>Okay... But I want answers as soon as we "]},{"code":401,"indent":0,"parameters":["escape."]},{"code":101,"indent":0,"parameters":["Voice_Expressions",0,0,2]},{"code":401,"indent":0,"parameters":["\\n<Voice in Head>Yes, absolutely. I promise."]},{"code":121,"indent":0,"parameters":[16,16,0]},{"code":0,"indent":0,"parameters":[]}],"moveFrequency":3,"moveRoute":{"list":[{"code":0,"parameters":[]}],"repeat":true,"skippable":false,"wait":false},"moveSpeed":3,"moveType":0,"priorityType":1,"stepAnime":false,"through":false,"trigger":1,"walkAnime":true},{"conditions":{"actorId":1,"actorValid":false,"itemId":1,"itemValid":false,"selfSwitchCh":"A","selfSwitchValid":false,"switch1Id":16,"switch1Valid":true,"switch2Id":1,"switch2Valid":false,"variableId":1,"variableValid":false,"variableValue":0},"directionFix":false,"image":{"characterIndex":0,"characterName":"","direction":2,"pattern":0,"tileId":0},"list":[{"code":0,"indent":0,"parameters":[]}],"moveFrequency":3,"moveRoute":{"list":[{"code":0,"parameters":[]}],"repeat":true,"skippable":false,"wait":false},"moveSpeed":3,"moveType":0,"priorityType":0,"stepAnime":false,"through":false,"trigger":0,"walkAnime":true}],"x":6,"y":9},
{"id":12,"name":"EV012","note":"","pages":[{"conditions":{"actorId":1,"actorValid":false,"itemId":1,"itemValid":false,"selfSwitchCh":"A","selfSwitchValid":false,"switch1Id":1,"switch1Valid":false,"switch2Id":1,"switch2Valid":false,"variableId":1,"variableValid":false,"variableValue":0},"directionFix":false,"image":{"characterIndex":0,"characterName":"","direction":2,"pattern":0,"tileId":0},"list":[{"code":101,"indent":0,"parameters":["Meowpheus_Expressions",2,0,2]},{"code":401,"indent":0,"parameters":["\\n<Meowpheus>What did I do to Lord Corso?"]},{"code":213,"indent":0,"parameters":[-1,2,true]},{"code":101,"indent":0,"parameters":["Meowpheus_Expressions",2,0,2]},{"code":401,"indent":0,"parameters":["\\n<Meowpheus>It was like... Was I dreaming?"]},{"code":213,"indent":0,"parameters":[-1,2,true]},{"code":101,"indent":0,"parameters":["Voice_Expressions",0,0,2]},{"code":401,"indent":0,"parameters":["\\n<Voice in Head>You were in the \\C[31]State of Stupor\\C."]},{"code":101,"indent":0,"parameters":["Voice_Expressions",0,0,2]},{"code":401,"indent":0,"parameters":["\\n<Voice in Head>The \\C[31]State of Stupor\\C is a "]},{"code":401,"indent":0,"parameters":["realm just beyond dreaming. A place where "]},{"code":401,"indent":0,"parameters":["the line between reality and dreaming "]},{"code":401,"indent":0,"parameters":["is so blurred that anything is possible."]},{"code":101,"indent":0,"parameters":["Meowpheus_Expressions",2,0,2]},{"code":401,"indent":0,"parameters":["\\n<Meowpheus>What does that mean? Who are you?"]},{"code":101,"indent":0,"parameters":["Voice_Expressions",4,0,2]},{"code":401,"indent":0,"parameters":["\\n<Voice in Head>Ugh! This is too complex to explain"]},{"code":401,"indent":0,"parameters":["right now."]},{"code":101,"indent":0,"parameters":["Meowpheus_Expressions",5,0,2]},{"code":401,"indent":0,"parameters":["\\n<Meowpheus>Okay... But I want answers as soon as we "]},{"code":401,"indent":0,"parameters":["escape."]},{"code":101,"indent":0,"parameters":["Voice_Expressions",0,0,2]},{"code":401,"indent":0,"parameters":["\\n<Voice in Head>Yes, absolutely. I promise."]},{"code":121,"indent":0,"parameters":[16,16,0]},{"code":0,"indent":0,"parameters":[]}],"moveFrequency":3,"moveRoute":{"list":[{"code":0,"parameters":[]}],"repeat":true,"skippable":false,"wait":false},"moveSpeed":3,"moveType":0,"priorityType":1,"stepAnime":false,"through":false,"trigger":1,"walkAnime":true},{"conditions":{"actorId":1,"actorValid":false,"itemId":1,"itemValid":false,"selfSwitchCh":"A","selfSwitchValid":false,"switch1Id":16,"switch1Valid":true,"switch2Id":1,"switch2Valid":false,"variableId":1,"variableValid":false,"variableValue":0},"directionFix":false,"image":{"characterIndex":0,"characterName":"","direction":2,"pattern":0,"tileId":0},"list":[{"code":0,"indent":0,"parameters":[]}],"moveFrequency":3,"moveRoute":{"list":[{"code":0,"parameters":[]}],"repeat":true,"skippable":false,"wait":false},"moveSpeed":3,"moveType":0,"priorityType":0,"stepAnime":false,"through":false,"trigger":0,"walkAnime":true}],"x":7,"y":9},
{"id":13,"name":"EV013","note":"","pages":[{"conditions":{"actorId":1,"actorValid":false,"itemId":1,"itemValid":false,"selfSwitchCh":"A","selfSwitchValid":false,"switch1Id":1,"switch1Valid":false,"switch2Id":1,"switch2Valid":false,"variableId":1,"variableValid":false,"variableValue":0},"directionFix":false,"image":{"characterIndex":0,"characterName":"","direction":2,"pattern":0,"tileId":0},"list":[{"code":101,"indent":0,"parameters":["Meowpheus_Expressions",2,0,2]},{"code":401,"indent":0,"parameters":["\\n<Meowpheus>What did I do to Lord Corso?"]},{"code":213,"indent":0,"parameters":[-1,2,true]},{"code":101,"indent":0,"parameters":["Meowpheus_Expressions",2,0,2]},{"code":401,"indent":0,"parameters":["\\n<Meowpheus>It was like... Was I dreaming?"]},{"code":101,"indent":0,"parameters":["Voice_Expressions",0,0,2]},{"code":401,"indent":0,"parameters":["\\n<Voice in Head>You were in the \\C[31]State of Stupor\\C."]},{"code":101,"indent":0,"parameters":["Voice_Expressions",0,0,2]},{"code":401,"indent":0,"parameters":["\\n<Voice in Head>The \\C[31]State of Stupor\\C is a "]},{"code":401,"indent":0,"parameters":["realm just beyond dreaming. A place where "]},{"code":401,"indent":0,"parameters":["the line between reality and dreaming "]},{"code":401,"indent":0,"parameters":["is so blurred that anything is possible."]},{"code":101,"indent":0,"parameters":["Meowpheus_Expressions",2,0,2]},{"code":401,"indent":0,"parameters":["\\n<Meowpheus>What does that mean? Who are you?"]},{"code":101,"indent":0,"parameters":["Voice_Expressions",4,0,2]},{"code":401,"indent":0,"parameters":["\\n<Voice in Head>Ugh! This is too complex to explain"]},{"code":401,"indent":0,"parameters":["right now."]},{"code":101,"indent":0,"parameters":["Meowpheus_Expressions",5,0,2]},{"code":401,"indent":0,"parameters":["\\n<Meowpheus>Okay... But I want answers as soon as we "]},{"code":401,"indent":0,"parameters":["escape."]},{"code":101,"indent":0,"parameters":["Voice_Expressions",0,0,2]},{"code":401,"indent":0,"parameters":["\\n<Voice in Head>Yes, absolutely. I promise."]},{"code":121,"indent":0,"parameters":[16,16,0]},{"code":0,"indent":0,"parameters":[]}],"moveFrequency":3,"moveRoute":{"list":[{"code":0,"parameters":[]}],"repeat":true,"skippable":false,"wait":false},"moveSpeed":3,"moveType":0,"priorityType":1,"stepAnime":false,"through":false,"trigger":1,"walkAnime":true},{"conditions":{"actorId":1,"actorValid":false,"itemId":1,"itemValid":false,"selfSwitchCh":"A","selfSwitchValid":false,"switch1Id":16,"switch1Valid":true,"switch2Id":1,"switch2Valid":false,"variableId":1,"variableValid":false,"variableValue":0},"directionFix":false,"image":{"characterIndex":0,"characterName":"","direction":2,"pattern":0,"tileId":0},"list":[{"code":0,"indent":0,"parameters":[]}],"moveFrequency":3,"moveRoute":{"list":[{"code":0,"parameters":[]}],"repeat":true,"skippable":false,"wait":false},"moveSpeed":3,"moveType":0,"priorityType":0,"stepAnime":false,"through":false,"trigger":0,"walkAnime":true}],"x":8,"y":9},
null
]
}