{
"autoplayBgm":true,"autoplayBgs":false,"battleback1Name":"","battleback2Name":"","bgm":{"name":"canine_waltz","pan":0,"pitch":100,"volume":90},"bgs":{"name":"","pan":0,"pitch":100,"volume":90},"disableDashing":false,"displayName":"Two-Bones Estate (Library 1)","encounterList":[],"encounterStep":30,"height":7,"note":"","parallaxLoopX":false,"parallaxLoopY":false,"parallaxName":"","parallaxShow":true,"parallaxSx":0,"parallaxSy":0,"scrollType":0,"specifyBattleback":false,"tilesetId":7,"width":13,
"data":[6704,6704,6704,6708,6732,6742,1599,6744,6732,6732,6712,6704,6704,6708,6732,6732,6742,7091,7094,1599,7091,7090,7090,6744,6732,6712,6728,7098,7098,7102,7097,7100,1599,7089,7092,7096,7091,7090,6720,6728,3242,1599,1599,1599,1599,1599,7097,7100,1599,7097,7096,6720,6728,3217,3220,3220,3236,1599,1599,1599,1599,1599,1599,1599,6744,6728,3240,3228,3228,3238,1599,1599,1599,1599,1599,1599,1599,1599,6706,6724,6724,6724,6724,6724,6724,6724,6724,6724,6724,6724,6724,0,0,0,0,0,0,0,0,0,0,0,0,0,0,0,0,0,0,0,0,0,0,0,0,0,0,0,0,0,0,0,0,0,0,0,0,0,0,0,0,0,0,0,0,0,0,0,0,0,0,0,0,0,0,0,0,0,0,0,0,0,0,0,0,0,0,0,0,0,0,0,0,0,0,0,0,0,0,0,0,0,0,0,0,0,0,0,0,0,0,0,0,0,0,0,0,0,0,0,0,0,0,0,0,0,0,0,0,0,0,0,0,0,0,0,0,0,0,0,0,0,0,0,0,0,0,0,0,0,0,0,59,0,0,0,0,0,0,0,0,0,0,0,0,0,59,69,0,0,0,0,0,0,0,0,0,0,77,0,59,0,0,0,0,0,0,0,0,0,0,0,0,0,0,0,0,0,0,0,0,0,0,0,0,0,0,0,0,0,0,0,0,0,0,0,0,0,0,0,67,176,0,0,176,210,0,0,0,0,51,67,0,0,184,0,68,69,51,67,65,0,0,49,72,0,0,0,0,69,51,59,68,80,0,0,69,49,68,69,0,0,59,59,0,76,88,0,0,51,68,69,51,0,0,0,0,0,0,0,0,0,0,0,0,0,0,0,0,0,0,0,0,0,0,0,0,0,0,0,0,0,0,0,0,0,0,0,0,0,0,0,0,5,0,0,0,0,0,0,0,0,0,0,0,0,5,0,0,0,0,0,0,0,5,0,0,0,0,0,0,0,5,0,0,0,0,5,0,0,0,0,0,0,0,0,0,0,0,0,5,0,0,0,0,0,0,0,0,0,0,0,0,0,0,0,0,0,0,0,0,0,0,0,0,0,0,0,0,0,0,0,0,0,0,0,0,0,0,0,0,0,0,0,0,0,0,0,0,0,0,0,0,0,0,0,0,0,0,0,0,0,0,0,0,0,0,0,0,0,0,0,0,0,0,0,0,0,0,0,0,0,0,0,0,0,0,0,0,0,0,0,0,0,0,0,0,0,0,0,0,0,0,0,0,0,0,0,0,0,0,0,0,0,0,0],
"events":[
null,
{"id":1,"name":"Felica","note":"","pages":[{"conditions":{"actorId":1,"actorValid":false,"itemId":1,"itemValid":false,"selfSwitchCh":"A","selfSwitchValid":false,"switch1Id":1,"switch1Valid":false,"switch2Id":1,"switch2Valid":false,"variableId":1,"variableValid":false,"variableValue":0},"directionFix":false,"image":{"tileId":0,"characterName":"Cat_NPCS_Turnarounds","direction":2,"pattern":1,"characterIndex":0},"list":[{"code":101,"indent":0,"parameters":["Cat_NPCS_Expressions",5,0,2]},{"code":401,"indent":0,"parameters":["\\n<Felicia>Thank goodness you're here!"]},{"code":101,"indent":0,"parameters":["Cat_NPCS_Expressions",5,0,2]},{"code":401,"indent":0,"parameters":["\\n<Felicia>The general locked your family in the "]},{"code":401,"indent":0,"parameters":["general’s bedroom!"]},{"code":101,"indent":0,"parameters":["Cat_NPCS_Expressions",5,0,2]},{"code":401,"indent":0,"parameters":["\\n<Felicia>I don’t know where the general is, please "]},{"code":401,"indent":0,"parameters":["be careful."]},{"code":101,"indent":0,"parameters":["Meowpheus_Expressions",0,0,2]},{"code":401,"indent":0,"parameters":["\\n<Meowpheus>Thank you, for everything."]},{"code":101,"indent":0,"parameters":["Cat_NPCS_Expressions",5,0,2]},{"code":401,"indent":0,"parameters":["\\n<Felicia>Here, Romewlus left these for you."]},{"code":101,"indent":0,"parameters":["",2,0,2]},{"code":401,"indent":0,"parameters":["\\n<Romewlus' Letter>Meowphe, I found this journal in my "]},{"code":401,"indent":0,"parameters":["father’s bedroom. My father discovered some "]},{"code":401,"indent":0,"parameters":["odd information about the general. "]},{"code":101,"indent":0,"parameters":["",0,0,2]},{"code":401,"indent":0,"parameters":["\\n<Book on Two Bones: Entry 1>I have finally uncovered something useful "]},{"code":401,"indent":0,"parameters":["about Two Bones! Right before Two Bones invaded, "]},{"code":401,"indent":0,"parameters":["he had a \\C[18]dream\\C. "]},{"code":355,"indent":0,"parameters":["$gameNotepad.show(\"BookonTwoBones\");"]},{"code":655,"indent":0,"parameters":["$gameNotepad.appendNoteByKey(\"BookonTwoBones\", \"\", '\\\\}\"'+\"Entry 1: \\n I have finally uncovered something useful \\n about Two Bones! Right before Two Bones invaded, \\n he had a \\\\C[18]dream\\\\C. \"+'\"');"]},{"code":101,"indent":0,"parameters":["",0,0,2]},{"code":401,"indent":0,"parameters":["\\n<Book on Two Bones: Entry 1>A formless entity made of smoke "]},{"code":401,"indent":0,"parameters":["and shadow offered him incredible power. "]},{"code":401,"indent":0,"parameters":["Two Bones is so superstitious, he saw it as an omen."]},{"code":101,"indent":0,"parameters":["",0,0,2]},{"code":401,"indent":0,"parameters":["\\n<Book on Two Bones: Entry 2>In his \\C[18]dream\\C\\C[0], Two Bones took stewardship over "]},{"code":401,"indent":0,"parameters":["the continent. Cats, dogs, all the animals lived "]},{"code":401,"indent":0,"parameters":["together peacefully. Unified… I wonder what changed?"]},{"code":355,"indent":0,"parameters":["$gameNotepad.appendNoteByKey(\"BookonTwoBones\", \"\", '\\\\}\"'+\"Entry 2 \\n In his \\\\C[18]dream\\\\C\\\\C[0], Two Bones took stewardship over \\n the continent. Cats, dogs, all the animals lived \\n together peacefully.  \\n Unified… I wonder what changed?\"+'\"');"]},{"code":101,"indent":0,"parameters":["",0,0,2]},{"code":401,"indent":0,"parameters":["\\n<Book on Two Bones: Entry 3>Two Bones had a daughter! She was living a quiet, "]},{"code":401,"indent":0,"parameters":["peaceful life. But the cats assassinated her,"]},{"code":401,"indent":0,"parameters":["they wanted to send a message. "]},{"code":401,"indent":0,"parameters":["When Two Bones found out... he went mad."]},{"code":101,"indent":0,"parameters":["Meowpheus_Expressions",7,0,2]},{"code":401,"indent":0,"parameters":["\\n<Meowpheus>It almost sounds like the general had "]},{"code":401,"indent":0,"parameters":["a \\C[1]noble\\C goal when he began. I... I feel "]},{"code":401,"indent":0,"parameters":["sorry for him."]},{"code":355,"indent":0,"parameters":["$gameNotepad.appendNoteByKey(\"Meowpheus\", \"\", '\\\\}\"'+\"It almost sounds like the general had \\n a \\\\C[1]noble\\\\C goal when he began. I… I feel \\n sorry for him.\"+'\"');"]},{"code":101,"indent":0,"parameters":["Voice_Expressions",1,0,2]},{"code":401,"indent":0,"parameters":["\\n<Voice in Head>You shouldn’t."]},{"code":101,"indent":0,"parameters":["Voice_Expressions",1,0,2]},{"code":401,"indent":0,"parameters":["\\n<Voice in Head>Concepts like nobility, virtue, and "]},{"code":401,"indent":0,"parameters":["righteousness are used to hide the "]},{"code":401,"indent":0,"parameters":["self-serving goals of petty individuals."]},{"code":101,"indent":0,"parameters":["Voice_Expressions",4,0,2]},{"code":401,"indent":0,"parameters":["\\n<Voice in Head>Two Bones’ goal may have been \\C[1]noble\\C, "]},{"code":401,"indent":0,"parameters":["but he killed thousands of cats. "]},{"code":355,"indent":0,"parameters":["$gameNotepad.show(\"VoiceinHead\");"]},{"code":655,"indent":0,"parameters":["$gameNotepad.appendNoteByKey(\"VoiceinHead\", \"\", '\\\\}\"'+\"Two Bones’ goal may have been \\\\C[1]noble\\\\C, \\n but he killed thousands of people.\"+'\"');"]},{"code":101,"indent":0,"parameters":["Voice_Expressions",4,0,2]},{"code":401,"indent":0,"parameters":["\\n<Voice in Head>Intentions are hollow. "]},{"code":401,"indent":0,"parameters":["Actions are all that matter. "]},{"code":123,"indent":0,"parameters":["A",0]},{"code":0,"indent":0,"parameters":[]}],"moveFrequency":3,"moveRoute":{"list":[{"code":0,"parameters":[]}],"repeat":true,"skippable":false,"wait":false},"moveSpeed":3,"moveType":0,"priorityType":1,"stepAnime":false,"through":false,"trigger":0,"walkAnime":true},{"conditions":{"actorId":1,"actorValid":false,"itemId":1,"itemValid":false,"selfSwitchCh":"A","selfSwitchValid":true,"switch1Id":1,"switch1Valid":false,"switch2Id":20,"switch2Valid":false,"variableId":1,"variableValid":false,"variableValue":0},"directionFix":false,"image":{"tileId":0,"characterName":"Cat_NPCS_Turnarounds","direction":2,"pattern":1,"characterIndex":0},"list":[{"code":101,"indent":0,"parameters":["Cat_NPCS_Expressions",5,0,2]},{"code":401,"indent":0,"parameters":["\\n<Felicia>That is all I can do to help you. Good luck!"]},{"code":0,"indent":0,"parameters":[]}],"moveFrequency":3,"moveRoute":{"list":[{"code":0,"parameters":[]}],"repeat":true,"skippable":false,"wait":false},"moveSpeed":3,"moveType":0,"priorityType":1,"stepAnime":false,"through":false,"trigger":0,"walkAnime":true}],"x":9,"y":4},
{"id":2,"name":"To Family Room","note":"","pages":[{"conditions":{"actorId":1,"actorValid":false,"itemId":1,"itemValid":false,"selfSwitchCh":"A","selfSwitchValid":false,"switch1Id":1,"switch1Valid":false,"switch2Id":1,"switch2Valid":false,"variableId":1,"variableValid":false,"variableValue":0},"directionFix":false,"image":{"characterIndex":0,"characterName":"","direction":2,"pattern":0,"tileId":0},"list":[{"code":250,"indent":0,"parameters":[{"name":"normal_steps","volume":90,"pitch":100,"pan":0}]},{"code":201,"indent":0,"parameters":[0,27,0,11,6,0]},{"code":0,"indent":0,"parameters":[]}],"moveFrequency":3,"moveRoute":{"list":[{"code":0,"parameters":[]}],"repeat":true,"skippable":false,"wait":false},"moveSpeed":3,"moveType":0,"priorityType":1,"stepAnime":false,"through":true,"trigger":1,"walkAnime":false}],"x":12,"y":5},
{"id":3,"name":"To Family Room","note":"","pages":[{"conditions":{"actorId":1,"actorValid":false,"itemId":1,"itemValid":false,"selfSwitchCh":"A","selfSwitchValid":false,"switch1Id":1,"switch1Valid":false,"switch2Id":1,"switch2Valid":false,"variableId":1,"variableValid":false,"variableValue":0},"directionFix":false,"image":{"characterIndex":0,"characterName":"","direction":2,"pattern":0,"tileId":0},"list":[{"code":250,"indent":0,"parameters":[{"name":"normal_steps","volume":90,"pitch":100,"pan":0}]},{"code":201,"indent":0,"parameters":[0,26,6,5,8,0]},{"code":0,"indent":0,"parameters":[]}],"moveFrequency":3,"moveRoute":{"list":[{"code":0,"parameters":[]}],"repeat":true,"skippable":false,"wait":false},"moveSpeed":3,"moveType":0,"priorityType":1,"stepAnime":false,"through":true,"trigger":1,"walkAnime":false}],"x":6,"y":0},
{"id":4,"name":"EV004","note":"","pages":[{"conditions":{"actorId":1,"actorValid":false,"itemId":1,"itemValid":false,"selfSwitchCh":"A","selfSwitchValid":false,"switch1Id":1,"switch1Valid":false,"switch2Id":1,"switch2Valid":false,"variableId":1,"variableValid":false,"variableValue":0},"directionFix":false,"image":{"characterIndex":0,"characterName":"","direction":2,"pattern":0,"tileId":0},"list":[{"code":101,"indent":0,"parameters":["Meowpheus_Expressions",5,0,2]},{"code":401,"indent":0,"parameters":["I can't leave now. "]},{"code":401,"indent":0,"parameters":["Not until I rescue my family."]},{"code":0,"indent":0,"parameters":[]}],"moveFrequency":3,"moveRoute":{"list":[{"code":0,"parameters":[]}],"repeat":true,"skippable":false,"wait":false},"moveSpeed":3,"moveType":0,"priorityType":0,"stepAnime":false,"through":false,"trigger":1,"walkAnime":true}],"x":2,"y":3},
null
]
}