[
null,
{"id":1,"expanded":true,"name":"Corso Estate (Outside Left)","order":11,"parentId":8,"scrollX":1092,"scrollY":614.6666666666666},
{"id":2,"expanded":true,"name":"Corso Estate (Inside Act 1)","order":13,"parentId":8,"scrollX":1227.75,"scrollY":691.5},
{"id":3,"expanded":true,"name":"Corso Estate Main Part 2 (Act 1)","order":14,"parentId":8,"scrollX":1227.75,"scrollY":691.5},
{"id":4,"expanded":true,"name":"Corso Estate Main Part 3 (Act 3)","order":15,"parentId":8,"scrollX":1092,"scrollY":614.6666666666666},
{"id":5,"expanded":true,"name":"Corso Estate (Meowpheus Inside)","order":12,"parentId":8,"scrollX":1091.3333333333333,"scrollY":614.6666666666666},
{"id":6,"expanded":true,"name":"SOS 1: Tutorial","order":23,"parentId":0,"scrollX":1227.75,"scrollY":691.5},
{"id":7,"expanded":false,"name":"SOS 1: Tutorial 2","order":24,"parentId":6,"scrollX":1227.75,"scrollY":691.5},
{"id":8,"expanded":true,"name":"Corso Estate Main Part 1 (Act 1)","order":10,"parentId":0,"scrollX":1092,"scrollY":614.6666666666666},
{"id":9,"expanded":false,"name":"Bakery","order":31,"parentId":0,"scrollX":1092,"scrollY":614.6666666666666},
{"id":10,"expanded":true,"name":"SOS","order":1,"parentId":0,"scrollX":1227.75,"scrollY":691.5},
{"id":11,"expanded":true,"name":"SOS 2: Warden","order":3,"parentId":10,"scrollX":1081.3333333333333,"scrollY":1420},
{"id":12,"expanded":false,"name":"SOS 1: Lord Corso","order":2,"parentId":10,"scrollX":1081.3333333333333,"scrollY":692},
{"id":13,"expanded":false,"name":"SOS 3: General Two-Bones","order":4,"parentId":10,"scrollX":1092,"scrollY":614.6666666666666},
{"id":14,"expanded":false,"name":"Two Bones Part 2 (Family Room)","order":19,"parentId":26,"scrollX":1227.75,"scrollY":691.5},
{"id":15,"expanded":true,"name":"Prison (inside cellblock)","order":6,"parentId":0,"scrollX":1091.3333333333333,"scrollY":614.6666666666666},
{"id":16,"expanded":false,"name":"Words/Event","order":5,"parentId":10,"scrollX":1227.75,"scrollY":691.5},
{"id":17,"expanded":false,"name":"SoS Tutorial 1 (Kendall)","order":26,"parentId":29,"scrollX":819,"scrollY":457},
{"id":18,"expanded":true,"name":"Prison (inside before stairs)","order":7,"parentId":15,"scrollX":1091.3333333333333,"scrollY":614.6666666666666},
{"id":19,"expanded":true,"name":"Prison (inside upstairs)","order":8,"parentId":15,"scrollX":1091.3333333333333,"scrollY":614.6666666666666},
{"id":20,"expanded":false,"name":"Prison (Warden's Office)","order":9,"parentId":15,"scrollX":1092,"scrollY":614.6666666666666},
{"id":21,"expanded":true,"name":"SoS Tutorial 2 (Kendall)","order":27,"parentId":17,"scrollX":819,"scrollY":457},
{"id":22,"expanded":true,"name":"SoS Tutorial 3 (Kendall)","order":28,"parentId":21,"scrollX":811,"scrollY":989},
{"id":23,"expanded":false,"name":"SoS 2 (Kendall)","order":29,"parentId":29,"scrollX":917,"scrollY":742},
{"id":24,"expanded":true,"name":"Mayors Estate","order":21,"parentId":0,"scrollX":1227.75,"scrollY":691.5},
{"id":25,"expanded":true,"name":"Secret Tunnel","order":22,"parentId":24,"scrollX":1215.75,"scrollY":691.5},
{"id":26,"expanded":true,"name":"Two Bones (Library 2)","order":17,"parentId":0,"scrollX":1227.75,"scrollY":691.5},
{"id":27,"expanded":true,"name":"Two Bones Part 1 (Family Room)","order":18,"parentId":26,"scrollX":1227.75,"scrollY":691.5},
{"id":28,"expanded":true,"name":"Two Bones (Library 1)","order":20,"parentId":26,"scrollX":1227.75,"scrollY":691.5},
{"id":29,"expanded":false,"name":"SOS (Kendall)","order":25,"parentId":0,"scrollX":1227.75,"scrollY":691.5},
{"id":30,"expanded":false,"name":"SoS 3 (Kendall)","order":30,"parentId":29,"scrollX":811,"scrollY":1061},
{"id":31,"expanded":true,"name":"Corso Estate (Inside Act 3)","order":16,"parentId":8,"scrollX":1092,"scrollY":614.6666666666666}
]