[
null,
null,
null,
{"id":3,"expanded":true,"name":"Village","order":1,"parentId":0,"scrollX":1638,"scrollY":922},
null,
null,
null,
null,
{"id":8,"expanded":true,"name":"Corso Estate","order":2,"parentId":3,"scrollX":819,"scrollY":453},
{"id":9,"expanded":false,"name":"Bakery","order":4,"parentId":3,"scrollX":819,"scrollY":453},
{"id":10,"expanded":true,"name":"SOS","order":10,"parentId":0,"scrollX":819,"scrollY":461},
{"id":11,"expanded":true,"name":"SOS 2: Warden","order":12,"parentId":10,"scrollX":811,"scrollY":721},
{"id":12,"expanded":true,"name":"SOS 1: Officer Corso","order":11,"parentId":10,"scrollX":819,"scrollY":461},
{"id":13,"expanded":false,"name":"SOS 3: General Two-Bones","order":14,"parentId":10,"scrollX":819,"scrollY":461},
{"id":14,"expanded":true,"name":"Prison (outside)","order":5,"parentId":0,"scrollX":819,"scrollY":461},
{"id":15,"expanded":true,"name":"Prison (inside cellblock)","order":6,"parentId":14,"scrollX":819,"scrollY":461},
{"id":16,"expanded":false,"name":"Prototype SOS 1","order":15,"parentId":10,"scrollX":819,"scrollY":461},
{"id":17,"expanded":false,"name":"Tutorial (dream)","order":3,"parentId":8,"scrollX":819,"scrollY":453},
{"id":18,"expanded":true,"name":"Prison (inside before stairs)","order":7,"parentId":15,"scrollX":819,"scrollY":461},
{"id":19,"expanded":true,"name":"Prison (inside upstairs)","order":8,"parentId":18,"scrollX":819,"scrollY":461},
{"id":20,"expanded":false,"name":"Prison (Warden's Office)","order":9,"parentId":19,"scrollX":819,"scrollY":461},
{"id":21,"expanded":false,"name":"Pre-SOS 2","order":13,"parentId":11,"scrollX":819,"scrollY":461}
]